"Artists","Total_Songs","Songs_Played","Songs_Picked","Songs_Paid"
"@",1,0,0,0
"7ebra",4,1,0,0
"Zoon",3,1,0,0
"Zeus",17,1,0,0
"Zachary Lucky",11,1,0,0
"Yukon Blonde",16,0,0,0
"youbet",2,1,0,0
"Yoo Doo Right",3,2,0,0
"Yin Yin",9,0,0,0
"ygretz",1,0,0,0
"Yellows",2,0,0,0
"Yellowbirds",4,0,0,0
"Yeasayer",5,2,0,0
"Wyldest",3,0,0,0
"Wye Oak",4,0,0,0
"Wut",8,2,0,0
"Woods",5,0,0,0
"The Wooden Sky",9,0,0,0
"Wooden Shjips",4,1,0,0
"Wombo",5,1,0,0
"Wolf Willow",3,0,0,0
"WITCH",1,0,0,0
"Winter McQuinn & Acacia Pip",2,0,0,0
"Winter McQuinn",8,1,0,0
"Wine Lips",11,6,0,0
"Winds",7,1,0,0
"Windows",2,1,0,0
"Widowspeak",9,2,0,0
"Why Bonnie",3,0,0,0
"Whitney",3,0,0,0
"Whitehorse",1,0,0,0
"White Fence",7,2,0,0
"White Denim",14,0,0,0
"Wet Sounds",1,0,0,0
"Western Plaza",4,0,0,0
"The Wesleys",8,3,0,0
"The Welly Welly Wells",2,1,0,0
"Weird Nightmare",2,2,0,0
"Wednesday",4,1,0,0
"The Weather Station",3,1,0,0
"Waxahatchee",1,1,0,0
"Wand",11,1,0,0
"Walrus",1,0,0,0
"Wake Owl",4,0,0,0
"Wagging",3,0,0,0
"Vypers",9,5,0,0
"Virgo Rising",1,1,0,0
"Vinyl Williams",9,1,0,0
"VICTIME",2,0,0,0
"Vetiver",20,2,0,0
"Veps",6,0,0,0
"Vanishing Twin",3,1,0,0
"Vampire Weekend",7,0,0,0
"Vague Plot",1,1,0,0
"V.V. Lightbody",3,0,0,0
"UV-TV",1,0,0,0
"Unessential Oils",2,0,0,0
"Uncola",1,1,0,0
"The Umbrellas",3,2,0,0
"Ulrika Spacek",3,0,0,0
"Uh Huh & Lammping",1,0,0,0
"Uh Huh",2,1,0,0
"The UFO Club",6,0,0,0
"Ty Segall",18,4,0,0
"Twist",4,1,0,0
"Twin Voices",2,1,0,0
"Twin Peaks",5,0,0,0
"Twerps",1,0,0,0
"Twain",3,0,0,0
"TV Star",1,0,0,0
"Tune-Yards",13,1,0,0
"The Tubs",1,0,0,0
"True Green",1,0,0,0
"Troll Dolly",1,0,0,0
"Tristen",3,0,0,0
"Triptides",8,0,0,0
"Trees Speak",9,2,0,0
"Trans-Canada Highwaymen",8,0,0,0
"Tough Age",9,5,0,0
"Tōth",2,0,0,0
"Torrey",4,2,0,0
"TOPS",2,1,0,0
"Tomato Flower",3,1,0,0
"Tired Cossack",2,0,0,0
"Tinge",1,0,0,0
"Timber Timbre",4,0,0,0
"Tim Hill",3,0,0,0
"Tim Carr",1,0,0,0
"Tijuana Panthers",15,2,0,0
"Tibetan Miracle Seeds",2,0,0,0
"Three Bones",6,2,0,0
"This Is the Kit",2,0,0,0
"Thee Sacred Souls",5,0,0,0
"Thee Oh Sees",70,5,0,0
"Thao & Mirah",3,0,0,0
"Tess Parks",9,3,0,0
"Terry Gross",1,1,0,0
"Tennis",24,1,0,0
"Temples",7,1,0,0
"TEKE::TEKE",3,1,0,0
"Tebby And The Heavy",5,3,0,0
"Tame Impala",10,1,0,0
"Tallies",1,1,0,0
"The Tallest Man On Earth",14,0,0,0
"Tacocat",6,4,0,0
"System Exclusive",2,0,0,0
"sweet93",4,1,0,0
"Sweeping Promises",4,1,0,0
"Surfbort",2,1,0,0
"Sunglaciers",8,5,0,0
"Sunfruits",6,2,0,0
"Sun June",3,0,0,0
"Summer Salt",6,0,0,0
"Sugar Candy Mountain",1,0,0,0
"Styrofoam Winos",2,0,0,0
"The Stroppies",1,0,0,0
"Strange Lot",6,2,0,0
"The Strange Boys",4,0,0,0
"Straight Arrows",4,4,0,0
"Still Corners",13,2,0,0
"Stewart Forgey",3,1,0,0
"The Steves",3,3,0,0
"Steel Saddle",4,4,0,0
"Steady Sun",5,0,0,0
"Status/Non-Status",7,4,0,0
"Starpainter",2,0,0,0
"Starcleaner Reunion",3,0,0,0
"The Spyrals",6,1,0,0
"Spirit Hotel",2,0,0,0
"Spencer Hoffman",5,0,0,0
"Spencer Cullum",4,0,0,0
"The Space Lady",1,0,0,0
"The South Hill Experiment, Baird & Goldwash",4,0,0,0
"The Soundcarriers",8,2,0,0
"Somesurprises",1,1,0,0
"Soft Rōnin",1,0,0,0
"Soft Plastics",2,0,0,0
"So Totally",1,0,0,0
"Snowblink",1,0,0,0
"Snake River",7,5,0,0
"The Smoking Trees",4,0,0,0
"The Smashing Times",3,1,0,0
"Small Pleasures",2,1,0,0
"Slowdive",1,0,0,0
"Slow Pulp",7,0,0,0
"Slow Leaves",2,1,0,0
"Slow Fiction",4,1,0,0
"Skydaddy",1,0,0,0
"Skinshape",6,0,0,0
"Skinny Dyck",3,1,0,0
"Six Moons Later",2,1,0,0
"Sister Suvi",1,0,0,0
"Silverbacks",4,0,0,0
"Silver Synthetic",8,1,0,0
"Shunk",3,2,0,0
"Shugo Tokumaru",1,0,0,0
"The Shivas",10,3,0,0
"Shirley Hurt",4,1,0,0
"Shirley & The Pyramids",15,3,0,0
"The Shins",6,0,0,0
"Shimmering Stars",3,1,0,0
"The Shilohs",2,1,0,0
"Sheer Mag",4,1,0,0
"She & Him",8,0,0,0
"Sharon Van Etten",9,0,0,0
"Shannon Shaw",3,0,0,0
"Shannon Lay",7,2,0,0
"Shannon & The Clams",32,6,0,0
"SHAKING HANDS",6,4,0,0
"Shadow Show",5,1,0,0
"Sexcapades",1,0,0,0
"Sera Cahoone",5,1,0,0
"SEND MEDICINE",4,1,0,0
"Sean Thompson's Weird Ears",3,0,0,0
"Scully",1,0,0,0
"Scout's Honour",1,0,0,0
"Scott Yoder",1,0,0,0
"Scott McMicken and THE EVER-EXPANDING",9,0,0,0
"Sauna Youth",2,0,0,0
"Sassyhiya",3,0,0,0
"Sam Jr.",8,7,0,0
"Sam Evian",4,0,0,0
"Sam Cohen, Stuart Bogie & Photay",2,0,0,0
"Sam Cohen, Cochemea & oliver hill",1,0,0,0
"Sam Cohen",4,0,0,0
"Sam Blasucci",4,1,0,0
"The Sadies",6,1,0,0
"Sacred Buzz",3,1,0,0
"Runway",2,2,0,0
"runner",2,0,0,0
"Rui Gabriel",3,0,0,0
"Rubber Oh",3,0,0,0
"The Royal Family",2,2,0,0
"ROY",8,6,1,0
"Rose City Band",14,3,0,0
"Rosali",10,2,0,0
"Rory McClure & Shimmering Stars",1,0,0,0
"Ronald Langestraat",1,0,0,0
"Rock Plaza Central",4,0,0,0
"Robert Ellis",3,0,0,0
"Rick White & The Sadies",4,1,0,0
"Rick White",5,3,0,0
"Richard Swift",6,0,0,0
"Richard In Your Mind",2,0,0,0
"Reverend Baron & Calvin Love",1,0,0,0
"Reverend Baron",4,0,0,0
"Renata Zeiguer",6,0,0,0
"The Reds, Pinks and Purples",12,0,0,0
"Rearranged Face",5,2,0,0
"Real Farmer",5,4,0,0
"Razor Braids",5,0,0,0
"Ray LaMontagne",3,0,0,0
"Ratboys",2,1,0,0
"The Rantouls",1,0,0,0
"Rah Rah",1,0,0,0
"Raeburn",6,3,0,0
"The Radiation Flowers",5,4,0,0
"The Radiant",2,0,0,0
"R.M.F.C.",1,0,0,0
"Quilt",7,1,0,0
"Qlowski",4,0,0,0
"PWNT",1,0,0,0
"Purple Rhinestone Eagle",1,0,0,0
"Punchlove",2,0,0,0
"Public Display of Affection",7,3,0,0
"Psychic Void",5,3,0,0
"Psychic Temple & The Dream Syndicate",1,0,0,0
"Psychic Temple",4,1,0,0
"Psychedelic Porn Crumpets",9,2,1,0
"Project Gemini",14,1,0,0
"Private Lives",5,4,0,0
"Prison Affair",4,4,0,0
"Priors",1,1,0,0
"Prettiest Eyes",5,0,0,0
"Pressure Pin",3,1,0,0
"Powerplant",3,0,0,0
"Pow Wow's",1,1,0,0
"Possum",8,3,0,0
"Portugal. The Man",5,0,0,0
"Porridge Radio",9,2,0,0
"Population II",12,5,0,0
"Poor Moon",2,0,0,0
"Pony Girl",2,1,0,0
"Pond",10,2,0,0
"Plants And Animals",11,0,0,0
"Plain Jade",5,5,0,0
"A Place to Bury Strangers",13,3,0,0
"Pipe-eye",4,1,0,0
"Pip Blom",5,2,0,0
"Pins & Needles",2,1,0,0
"Physical Congas",2,2,0,0
"Phosphorescent",4,0,0,0
"Peter Bjorn and John",1,0,0,0
"The Pesos",2,0,0,0
"Personal Trainer",6,1,0,0
"Perennial",3,2,0,0
"The People's Temple",4,0,0,0
"Peel Dream Magazine",4,1,0,0
"The Pearly Gates",3,0,0,0
"Pearla",2,0,0,0
"Pearl Charles",6,1,0,0
"Paul Jacobs",2,1,0,0
"Patrick Watson & La Force",1,1,0,0
"Patrick Watson",2,1,0,0
"Party Dozen",2,1,0,0
"Parsnip",9,3,0,0
"Parquet Courts",14,1,0,0
"The Paperhead",1,0,0,0
"Papercuts",8,0,0,0
"Panda Bear & Cindy Lee",1,0,0,0
"Panda Bear",2,0,0,0
"Pale Honey",3,0,0,0
"PACKS",7,2,0,0
"Pacific Range",6,2,0,0
"Orville Peck & Willie Nelson",1,1,0,0
"Orville Peck",3,2,0,0
"Orions Belte & Shikoswe",1,0,0,0
"Orions Belte & Øyvind Blomstrøm",2,0,0,0
"Orions Belte & Chris Holm",4,0,0,0
"Orions Belte",7,0,0,0
"Orchestre Tout Puissant Marcel Duchamp",1,0,0,0
"ORB",3,0,0,0
"Oracle Sisters",9,0,0,0
"Ora Cogan",1,0,0,0
"Open Head",4,0,0,0
"Oneida",1,1,0,0
"One Hundred Dollars",7,2,0,0
"Omni",2,0,0,0
"OMBIIGIZI",13,3,0,0
"Oldseed",1,0,0,0
"Old Cabin",6,1,0,0
"The Okmoniks",5,1,0,0
"Ohtis",2,1,0,0
"Ohbijou",2,0,0,0
"Office Dog",3,0,0,0
"NYSSA",2,1,0,0
"The Nude Party",10,0,0,0
"NoSo",1,1,0,0
"Non Plus Temps",3,0,0,0
"NOBRO",4,3,0,0
"No Windows",2,1,0,0
"No Vacation",1,0,0,0
"No Frills",6,2,0,0
"No Age",2,0,0,0
"Nixon Boyd",2,0,0,0
"Nina Ryser",2,0,0,0
"Night Shop",5,0,0,0
"Night Moves",5,0,0,0
"Night Lunch",4,3,0,0
"Night Beds",2,0,0,0
"Night Beats",26,5,0,0
"Nico Paulo",3,2,0,0
"Nick Waterhouse",38,1,0,0
"Nick Hakim",1,0,0,0
"Nick Faye",2,0,0,0
"Nice Biscuit",5,2,0,0
"NewDad",4,1,0,0
"New Fries",1,0,0,0
"Never Plenty",6,1,0,0
"Necking",3,3,0,0
"NE-HI",2,0,0,0
"Natural Child",3,0,0,0
"The National",10,0,0,0
"Nap Eyes",9,0,0,0
"Nancy & The Mysterious Visions",1,1,0,0
"Nancy",4,1,0,0
"Naima Bock",1,0,0,0
"The Mystery Lights",15,3,0,0
"The Mynabirds",14,1,0,0
"My Morning Jacket",18,0,0,0
"my favorite boxer",1,0,0,0
"Muzz",6,0,0,0
"The Murlocs",15,2,0,0
"MULCH",1,0,0,0
"Mug",1,0,0,0
"Mt. Misery",1,0,0,0
"Mr. Elevator",3,2,0,0
"Motorists",6,3,0,0
"Motherhood",5,1,0,0
"Mother Tongues",4,4,0,0
"Mother Sun",10,5,0,0
"Moreish Idols",4,1,0,0
"Moonwalks",1,0,0,0
"The Moonlight Years",4,3,0,0
"Moon Panda",3,1,0,0
"Moon Duo",3,2,0,0
"Monsters Of Folk",1,0,0,0
"Monde UFO",5,0,0,0
"The Molochs",4,0,0,0
"Mock Media",6,1,0,0
"Mmoss",5,1,0,0
"MJ Meehan",2,1,0,0
"MJ Lenderman",6,0,0,0
"Misty Lanes",3,1,0,0
"Mister Heavenly",8,1,0,0
"Misha Panfilov Sound Combo",1,0,0,0
"Miranda and the Beat",2,0,0,0
"Minor Moon",2,0,0,0
"Minami Deutsch",4,2,0,0
"Milk Lines",4,4,0,0
"The Milk Carton Kids",7,0,0,0
"Mild High Club",2,0,0,0
"Mikal Cronin",5,1,0,0
"Midnight Sister",6,1,0,0
"Middle Brother",1,0,0,0
"Midday Veil",1,0,0,0
"Michael Yonkers Band",2,0,0,0
"Michael Rault",13,4,0,0
"Michael Nau",10,1,0,0
"Merce Lemon",3,0,0,0
"Memoryhouse",2,1,0,0
"Melts",3,0,0,0
"Melody's Echo Chamber",4,1,0,0
"meija & JAWNY",1,0,0,0
"meija & Hand Habits",1,0,0,0
"meija",1,0,0,0
"Megan Nash",3,0,0,0
"Meatbodies",6,1,0,0
"Meagre Martin",5,0,0,0
"Maxband & A Beacon School",1,0,0,0
"Maxband",1,0,0,0
"The Mauskovic Dance Band",2,0,0,0
"Matt Sweeney & Bonnie ""Prince"" Billy",1,0,0,0
"Matt Costa",1,0,0,0
"Master Musicians Of Bukkake",1,0,0,0
"Maruja",2,1,0,0
"Marseille",1,0,0,0
"Marlaena Moore",5,1,0,0
"Marina Allen",7,3,0,0
"Marcoca & Nice Guys",2,0,0,0
"Marcoca",1,0,0,0
"Marcel Wave",2,0,0,0
"Mapache",5,2,0,0
"Man/Woman/Chainsaw",2,0,0,0
"Man Man",8,0,0,0
"Mama Zu",4,0,0,0
"The Mallard",1,0,0,0
"MALL WALK",5,0,0,0
"MAITA",4,0,0,0
"Maia Friedman",3,0,0,0
"Magic Trick",1,0,0,0
"Magic Potion",1,0,0,0
"Magic AL & Lou Hazel",1,0,0,0
"Magic AL",1,0,0,0
"The Mad Walls",11,2,1,0
"M. Ward",12,1,0,0
"Lutalo",5,0,0,0
"Luke Temple",7,0,0,0
"Loving",7,4,0,0
"The Lovely Eggs",1,1,0,0
"Love Machine",2,0,0,0
"The Love Language",1,0,0,0
"The Lounge Society",2,2,0,0
"Lotus Plaza",3,1,0,0
"Los Palms",5,2,0,0
"Lord Huron & Allison Ponthier",1,0,0,0
"Lord Huron",14,0,0,0
"Lomelda & More Eaze",1,1,0,0
"Liz Cooper",4,1,0,0
"Living Hour & The Ophelias",1,0,0,0
"Living Hour",3,1,0,0
"Lithics",2,0,0,0
"Lionlimb & Angel Olsen",1,0,0,0
"Lionlimb",2,1,0,0
"The Limiñanas",1,1,0,0
"Lightning Dust",7,2,0,0
"Lightning Bug",6,1,0,0
"Lightheaded",1,0,0,0
"Lifeguard",3,1,0,0
"Lia Ices",14,1,0,0
"levitation room",26,4,0,0
"Les Big Byrd",2,1,0,0
"Leon Bridges",8,0,0,0
"The Lazy Eyes",3,1,0,0
"Lauren Mann and the Fairly Odd Folk",4,0,0,0
"The Laughing Chimes",2,0,0,0
"Laughing",1,0,0,0
"Late Slip",1,0,0,0
"Las Rosas",7,3,0,0
"Langkamer",1,0,0,0
"Lamplight",3,0,0,0
"Lammping",6,1,0,0
"Lambrini Girls",3,1,0,0
"Lake Street Dive",1,0,0,0
"Lael Neale",2,1,0,0
"Lady Lamb",3,1,0,0
"La Sera",6,1,0,0
"La Sécurité",5,3,0,0
"La Luz & Adrian Younge",1,0,0,0
"La Luz",18,1,0,0
"L.T.Leif",2,2,0,0
"Kurt Vile",2,0,0,0
"Kristine Leschper",1,0,0,0
"Koleżanka",2,1,0,0
"knitting",8,2,0,0
"Kiwi jr.",4,1,0,0
"King Tuff",13,2,0,0
"The King Khan & BBQ Show",2,1,0,0
"King Hannah",7,2,0,0
"King Gizzard & The Lizard Wizard",37,4,0,0
"King Cuddy",1,1,0,0
"Kindsight",1,0,0,0
"Kikagaku Moyo",5,0,0,0
"Khruangbin",10,0,0,0
"Kevin Morby",15,1,0,0
"Kelley Stoltz",17,1,0,0
"Katy Kirby",1,0,0,0
"Katie Von Schleicher",5,0,0,0
"Kate Maki",9,3,0,0
"Kate Bollinger",4,0,0,0
"Karl Blau",2,0,0,0
"Kalle Mattson",2,0,0,0
"Kali Horse",2,1,0,0
"Kairos Creature Club",5,2,0,0
"Kacy & Clayton & Marlon Williams",1,1,0,0
"Kacy & Clayton",4,1,0,0
"Junk Drawer",4,0,0,0
"Junip",1,0,0,0
"Julie Odell",2,0,0,0
"Julie Doiron",6,1,0,0
"Julianna Riolino & Adrian Underhill",1,1,0,0
"Julianna Riolino",4,2,0,0
"Juleah",3,0,0,0
"JP Lancaster",1,0,0,0
"Jovian Tea",2,0,0,0
"Josienne Clarke",3,0,0,0
"Jorge Elbrecht",1,0,0,0
"Jonathan Wilson",2,0,0,0
"Jonathan Rado",4,0,0,0
"Jonah Yano",2,0,0,0
"Jon McKiel",6,3,0,0
"The JoJos & Joanna Teters",1,0,0,0
"Johnny & The Limelites",1,0,0,0
"John Jeffrey",1,0,0,0
"The John Denver Airport Conspiracy",5,3,0,0
"John Andrews & The Yawns",9,2,0,0
"jog",2,1,0,0
"Joe Ghatt",8,0,0,0
"Jessica Pratt",4,0,0,0
"Jenny Hval",1,0,0,0
"Jennifer Castle",9,2,0,0
"Jeffertitti's Nile",1,0,0,0
"Jason Collett",19,2,0,0
"Jared Jackel's Bad Vibrations",4,2,0,0
"Jana Horn",3,0,0,0
"Jake Xerxes Fussell",2,0,0,0
"Jagged Baptist Club",1,1,0,0
"Jacuzzi Boys",1,0,0,0
"Jackie West",4,0,0,0
"Jackie Hayes & sophie meiers",1,0,0,0
"Jackie Hayes & Boyish",1,0,0,0
"Jackie Hayes & Billy Lemos",3,0,0,0
"Jackie Hayes",3,0,0,0
"Jack Name",1,1,0,0
"Jacco Gardner",10,2,0,0
"J.R.C.G.",4,1,0,0
"Ivan & Alyosha",2,0,0,0
"Islands",6,1,0,0
"Iron & Wine & Fiona Apple",1,0,0,0
"Iron & Wine",17,0,0,0
"Invasions",3,3,0,0
"Indigo Sparke",5,0,0,0
"Imaad Wasif",1,0,0,0
"IDLES",1,0,0,0
"Ichi-Bons",4,2,0,0
"Hunx And His Punx",1,0,0,0
"Human Interest",3,1,0,0
"Hot Garbage",11,6,0,0
"Horse Feathers",1,0,0,0
"Hooveriii",9,1,0,0
"hooper",3,1,0,0
"Hooded Fang",9,3,0,0
"Honeyglaze",12,3,0,0
"HOMESHAKE",1,0,0,0
"Holy Wave",5,1,0,0
"Holy Void",6,3,0,0
"Holiday Ghosts",5,1,0,0
"Hinds & Beck",1,0,0,0
"Hinds",9,1,0,0
"Hieronymus Harry",1,0,0,0
"Here We Go Magic",6,1,0,0
"Hélène Barbier",2,1,0,0
"Helena Deland",2,0,0,0
"Heaven For Real",6,0,0,0
"Heather Trost",1,1,0,0
"Heaters",16,4,0,0
"Hearty Har",3,0,0,0
"The Head and the Heart",3,0,0,0
"Hayden",2,1,0,0
"Haunted Summer",9,1,0,0
"Harlem",1,1,0,0
"Har Mar Superstar",6,0,0,0
"Happy Birthday",2,0,0,0
"Hanni El Khatib",11,0,0,0
"Hannah Cohen",4,1,0,0
"Hand Habits",7,3,0,0
"Half Stack",3,0,0,0
"Habibi",3,1,0,0
"H. Hawkline",3,0,0,0
"Gut Health",5,2,0,0
"Gustaf",5,2,0,0
"Gus Englehorn",1,0,0,0
"Gunner & Smith",9,1,0,0
"Gumshoes",2,0,0,0
"GUM & Ambrose Kenny-Smith",1,0,0,0
"Gruff Rhys",1,0,0,0
"Grounders",2,1,0,0
"Groenland",2,0,0,0
"Grizzly Bear",12,0,0,0
"Great Lake Swimmers",3,0,0,0
"Grave Flowers Bongo Band",2,0,0,0
"Gourd",2,0,0,0
"GospelbeacH",3,0,0,0
"The Goodnight Loving",4,0,0,0
"Good Old War",3,0,0,0
"Good Morning",8,0,0,0
"Gold Leaves",3,0,0,0
"Goat Girl",9,1,0,0
"Goat",18,1,0,0
"Glyders",2,0,0,0
"Gloin",1,1,0,0
"GIVERS",1,0,0,0
"Girl Scout",1,0,0,0
"Girl and Girl",6,2,0,0
"GIFT",4,1,0,0
"GHOSTWOMAN",10,4,0,0
"Ghostkeeper",10,4,0,0
"Ghost Funk Orchestra",2,0,0,0
"The Get Alongs",3,1,0,0
"Generationals",3,2,0,0
"Gaspard Eden",2,0,0,0
"The Garrys",6,2,0,0
"Garrett T. Capps",6,2,0,0
"Garbo's Daughter",1,1,0,0
"Fuzz",2,1,0,0
"Funeral Lakes",2,0,0,0
"Full Power Happy Hour",3,1,0,0
"Fruit Bats",25,1,0,0
"Froth",1,1,0,0
"Frog Eyes",6,2,0,0
"Friko",5,2,0,0
"The Fresh & Onlys",2,1,0,0
"French Cassettes",1,0,0,0
"Freckle",2,0,0,0
"The Franky Tones",4,3,0,0
"FRANKIIE",6,2,0,0
"Frankie Cosmos & Good Morning",1,0,0,0
"Frankie and the Witch Fingers",1,0,0,0
"Frankie & The Witch Fingers",23,7,0,0
"Francis of Delirium",5,4,0,0
"Frances Chang",1,0,0,0
"Foyer Red",3,0,0,0
"Foxwarren",3,1,0,0
"Fomies",5,0,0,0
"Föllakzoid",3,1,0,0
"Fold Paper",2,1,0,0
"Flypaper",2,0,0,0
"Florist",9,0,0,0
"Florence + the Machine",1,0,0,0
"Floating Action",4,0,0,0
"Fleet Foxes",14,1,0,0
"FLEECE",5,0,0,0
"Fiver",1,0,0,0
"First Aid Kit",3,1,0,0
"Feeling Figures",6,3,0,0
"Fazerdaze",3,0,0,0
"Faux Ferocious",6,1,0,0
"Father John Misty",30,0,0,0
"fantasy of a broken heart",2,1,0,0
"Fake Palms",6,3,0,0
"Fake Fruit",3,0,0,0
"Faith Healer",6,3,0,0
"FACS",1,0,0,0
"EZTV",5,0,0,0
"Ezra Furman",14,2,0,0
"The Explorers Club",3,0,0,0
"Exit Group",1,0,0,0
"Ever-Lovin' Jug Band",2,0,0,0
"Energy Slime",9,0,0,0
"En Attendant Ana",2,0,0,0
"EMZYG",5,1,0,0
"ELLiS·D",3,0,0,0
"Eliza Niemi",2,1,0,0
"Elephant Stone",10,4,0,0
"The Electric Peanut Butter Company",3,1,0,0
"Electric Eye",1,1,0,0
"Ekko Astral",2,0,0,0
"The Echocentrics & Adrian Quesada",4,0,0,0
"Eat Skull",2,0,0,0
"The Early Mornings",2,1,0,0
"Eades",2,0,0,0
"The Dutchess & the Duke",1,0,0,0
"Dump Babes",6,1,0,0
"Dummy",4,0,0,0
"Dumbo Gets Mad",7,0,0,0
"Dumb",9,2,0,0
"Dum Dum Girls",2,0,0,0
"Ducks Ltd.",8,1,0,0
"DTSQ",4,1,0,0
"Drugdealer",6,0,0,0
"Drinks",2,1,0,0
"The Drin",8,1,0,0
"Dream Sitch, Michael Nau & Floating Action",3,0,0,0
"Dr. Dog",39,1,0,0
"Doug Tuttle",4,0,0,0
"Dorothea Paas",4,1,0,0
"Dopey's Robe",2,2,0,0
"DOOM GONG",5,2,0,0
"Donna Blue",9,2,0,0
"Dom Sensitive",3,0,0,0
"The Dodos",12,0,0,0
"The Districts",5,0,0,0
"Dirt Dress",3,0,0,0
"Dinosaur Feathers",5,0,0,0
"Dilly Dally",1,1,0,0
"Diamond Day",1,1,0,0
"Detangler",1,0,0,0
"Destry",7,0,0,0
"Destroyer",2,0,0,0
"Des Demonas",4,2,0,0
"Deradoorian",8,1,0,0
"Department Of Eagles",3,0,0,0
"Dent May",2,0,0,0
"Demon's Claws",13,6,0,0
"Delta Spirit",13,0,0,0
"Delivery",5,1,0,0
"Delicate Steve",1,0,0,0
"Del Barber",4,0,0,0
"Dehd",10,2,0,0
"The Definitelays",2,2,0,0
"Death And Vanilla",3,0,0,0
"deary",2,2,0,0
"Dead Meadow",2,1,0,0
"Dead Ghosts",15,9,0,0
"Dead Fibres",4,1,0,0
"Dawes",6,0,0,0
"David Vandervelde",3,0,0,0
"Daniel, Fred & Julie",1,0,0,0
"Daniel Rossen",3,0,0,0
"Daniel Romano",8,6,0,0
"Dancer",1,1,0,0
"Dana Gavanski",7,1,0,0
"Damien Jurado",16,0,0,0
"Damaged Bug",7,1,0,0
"DAIISTAR",6,3,0,0
"Cut Worms",25,2,0,0
"CTMF",2,0,0,0
"Crystal Eyes",2,1,0,0
"Crumb",10,2,0,0
"Courtney Barnett",15,0,0,0
"Cotton Jones",5,0,0,0
"Cory Hanson",8,1,0,0
"Corridor",8,3,0,0
"The Cool Greenhouse",1,0,0,0
"Cool Ghouls",10,2,0,0
"Constant Smiles",10,2,0,0
"Connie Cunningham and the Creeps",4,1,0,0
"Color Green",7,3,1,0
"Colliding Canyons",2,2,0,0
"Cola",6,3,0,0
"Coconut Coolouts",1,0,0,0
"Coco",1,0,0,0
"Clutter",3,0,0,0
"Clinic Stars",2,0,0,0
"Clem Snide & Eef Barzelay",2,0,0,0
"Cindy Lee",7,2,0,0
"Christopher Owens",1,0,0,0
"Chris Staples",6,0,0,0
"Chinless Wonder",1,0,0,0
"Chinese American Bear",3,0,0,0
"Chastity Belt",4,1,0,0
"Charlsey Miller",1,1,0,0
"Charles Moothart",7,0,0,0
"Chains Of Love",8,5,0,0
"Chad VanGaalen",7,1,0,0
"CFM",1,0,0,0
"Ceramic Animal",6,0,0,0
"Celia's Dream",3,1,0,0
"Cayucas",4,0,0,0
"Caveman & The Banshee",2,1,0,0
"Cate Le Bon",2,0,0,0
"Cassandra Jenkins",2,0,0,0
"Cass McCombs",1,0,0,0
"Casper Skulls",4,0,0,0
"Caribou",4,3,0,0
"Candace",1,0,0,0
"Cameron Winter",1,0,0,0
"Call off the Gods",1,0,0,0
"Calexico & Iron & Wine",1,0,0,0
"Caleb Landry Jones",5,2,0,0
"C Turtle",4,1,0,0
"Buxton",1,0,0,0
"The Bures Band",2,0,0,0
"Bully & Soccer Mommy",1,0,0,0
"Bully",2,1,0,0
"The Bug Club",6,1,0,0
"Buffalo Electric",17,4,0,0
"Brijean",2,0,0,0
"Brigid Mae Power",1,1,0,0
"Brigid Dawson and The Mothers Network",2,0,0,0
"Brian Cuddy",8,2,0,0
"Breathe Owl Breathe",1,0,0,0
"Breanna Barbara",4,1,0,0
"Brainstory",5,0,0,0
"BRAIDS",18,3,0,0
"Boy Golden",2,0,0,0
"Bored Décor",4,2,0,0
"Boogarins",9,0,0,0
"Bonny Light Horseman",6,0,0,0
"Bonnie ""Prince"" Billy",3,0,0,0
"Boeckner",4,1,0,0
"BODEGA",3,0,0,0
"Bnny",5,1,0,0
"Blunt Chunks",2,1,0,0
"Blume",6,2,0,0
"Bloomsday",2,0,0,0
"Blood Wizard",3,0,0,0
"Blitzen Trapper",14,0,0,0
"Blind Pilot",9,0,0,0
"blind commentary",1,1,0,0
"Bleached",9,1,0,0
"The Blaze Velluto Collection",4,1,0,0
"The Blank Tapes",12,0,0,0
"Blackwater Holylight",1,0,0,0
"Black Thunder",2,1,0,0
"Black Mountain",10,2,0,0
"Black Market Karma",4,0,0,0
"Black Country, New Road",1,0,0,0
"Bingo Fury",2,1,0,0
"Bill Callahan",1,0,0,0
"Big Rig",1,1,0,0
"Big Evil Rat",2,1,0,0
"Big Bill",9,1,0,0
"Bess Atwell",6,2,0,0
"The Besnard Lakes",3,1,0,0
"Bent Arcana",1,0,0,0
"Ben Seretan",3,0,0,0
"Bells Larsen",3,1,0,0
"Belle & Sebastian",2,0,0,0
"Beings",1,0,0,0
"Being Dead",4,2,0,0
"The Beets",2,2,0,0
"Beans",4,1,0,0
"Beach House",4,1,0,0
"Beach Body",5,2,0,0
"BBQ Pope",5,3,0,0
"The BB Guns",4,3,0,0
"BASIC",1,0,0,0
"Basia Bulat",9,0,0,0
"Bart",6,2,0,0
"The Barr Brothers",2,0,0,0
"bar italia",2,0,0,0
"Band Of Horses",6,0,0,0
"Bananagun",4,0,0,0
"Bahamas",8,0,0,0
"Badge Époque Ensemble & James Baley",1,0,0,0
"Badge Époque Ensemble",4,1,0,0
"Baby Cool",3,1,0,0
"Babehoven",1,0,0,0
"Babe Rainbow",12,2,0,0
"Axis: Sova",2,0,0,0
"Avi Buffalo",1,0,0,0
"The Avett Brothers",4,0,0,0
"The Autumn Stones",3,1,0,0
"Astrel K",3,0,0,0
"The Asteroid No.4",10,0,0,0
"Asher White",5,0,0,0
"Arthur Russell",1,0,0,0
"Arthur Ahbez",2,0,0,0
"Arthur & Yu",2,0,0,0
"The Arcs",3,0,0,0
"The Ar-Kaics",5,1,0,0
"Apollo Ghosts",9,3,0,0
"Aoife Nessa Frances",3,0,0,0
"Annuals",2,0,0,0
"Anna St. Louis",3,1,0,0
"Anna Haverstock",2,2,0,0
"Anna Burch",3,0,0,0
"Animal Collective",3,0,0,0
"Anika",2,0,0,0
"Angie McMahon",1,0,0,0
"Angel Olsen",11,0,0,0
"Angel Hall",1,1,0,0
"Andy Shauf",20,3,0,0
"Andrew Gabbard",2,0,0,0
"Andrew Bird",4,0,0,0
"Ancient Shapes",1,1,0,0
"Amy Millan",1,0,0,0
"Amos the Kid",4,0,0,0
"Alvvays",8,3,0,0
"ALVILDA",3,0,0,0
"Aluminum",1,0,0,0
"The Almighty Defenders",1,0,0,0
"Allah-Las",30,2,0,0
"Alix Fernz",3,2,0,0
"Alien Nosejob",5,4,0,0
"Alice Phoebe Lou",6,0,0,0
"Alex MacNeil",3,0,0,0
"Alex Maas",3,0,0,0
"Aldous Harding",8,0,0,0
"Adrianne Lenker",3,1,0,0
"Ada Lea",8,3,0,0
"Actor Director",1,1,0,0
"The Acorn",7,0,0,0
"Acoqui",3,0,0,0
"Acid Tongue & Podsongs",1,0,0,0
"Acid Tongue",3,0,0,0
"Acid Dad",3,0,0,0
"Ac Sapphire",3,1,0,0
"Abraxas",2,0,0,0
"Aaron Karpinka",3,0,0,0
"A. Savage",9,0,0,0
