"Artists","Name","Album","Show","Grouping","Year","Comments"
"Wand","White Cat","Plum","_001","I/III_001, Hits, SunnyDees, DJ, Night",2017,NA
"Status/Non-Status","Gerry","Warrior Down","_001","I/III_001, Hits, Canadian, DJ, Afternoon, Evening, Night",2019,NA
"Porridge Radio","The Rip","Waterslide, Diving Board, Ladder to the Sky","_001","I/III_001, Fem, DJ, Evening",2022,NA
"Pony Girl","Laff It Off","Laff It Off","_001","I/III_001, Canadian, DJ, Evening, CanWav_One",2023,NA
"Motorists","Vainglorious","Surrounded","_001","I/III_001, Canadian, DJ, Afternoon, Evening, GEHam_One",2021,NA
"Lotus Plaza","Strangers","Spooky Action At A Distance","_001","I/III_001, DJ, Afternoon, Evening, Night, GEHam_Zero",2012,NA
"The Fresh & Onlys","20 Days and 20 Nights","Long Slow Dance","_001","I/III_001, DJ, Evening, Night, Hits, GEHam_One",2012,NA
"Fake Palms","Satellite","Lemons","_001","I/III_001, Hits, Canadian, DJ, Evening, Night, GEHam_One",2022,NA
"DAIISTAR","Star Starter","Good Time","_001","I/III_001, Hits, Drum, DJ, Evening, Night, Ignore",2023,NA
"Crumb","Nina","Jinx","_001","I/III_001, Rain, DJ, Evening, Night, GEHam_One",2019,NA
"Cola","Degree","Deep in View","_001","I/III_001, Canadian, DJ, Afternoon, Evening, GEHam_One",2022,NA
"Bnny","Take That Back","Everything","_001","I/III_001, Fem, Rain, Hits, DJ, Afternoon, Evening",2021,NA
"The Besnard Lakes","Raindrops","The Besnard Lakes Are the Last of the Great Thunderstorm Warnings","_001","I/III_001, Canadian, DJ, Night",2020,NA
"Alvvays","Pharmacist","Blue Rev","_001","I/III_001, Fem, Canadian, DJ, Evening, GEHam_Zero",2022,"Toronto Ontario, Transgressive Records & Polyvinyl"
"Vetiver","Another Reason to Go","Tight Knit","_002","I/III_002, Folk/Rock, DJ, Afternoon, Evening",2009,NA
"Slow Leaves","American Band","Meantime","_002","I/III_002, Canadian, Folk/Rock, DJ, Afternoon, Evening, GEHam_Two",2023,NA
"Silver Synthetic","Out of the Darkness","Silver Synthetic","_002","I/III_002, Hits, Folk/Rock, DJ, Evening, Night, GEHam_Two,",2020,NA
"Shirley Hurt","Problem Child","Shirley Hurt","_002","I/III_002, Canadian, Fem, Folk/Rock, Rain, DJ, Afternoon, GEHam_One",2022,NA
"Sera Cahoone","Every Little Word","Deer Creek Canyon","_002","I/III_002, Folk/Rock, Fem, Rain, Hits, DJ, Afternoon",2012,NA
"One Hundred Dollars","Waiting On Another","Songs Of Man","_002","I/III_002, Folk/Rock, Canadian, Fem, DJ, Evening, Rain, Hits",2011,NA
"Kacy & Clayton","A Certain Kind Of Memory","The Siren's Song","_002","I/III_002, Folk/Rock, Canadian, Rain, Fem, DJ, Afternoon, GEHam_Two",2017,NA
"Jason Collett","These Are the Days","Idols of Exile","_002","I/III_002, Folk/Rock, Canadian, Rain, DJ, Afternoon",2005,NA
"Hayden","Let's Break Up","The Place Where We Lived","_002","I/III_002, Hits, Folk/Rock, Canadian, DJ, Afternoon, Evening, Drum, Pump, Ignore",2009,NA
"Dr. Dog","Hang On","Fate","_002","I/III_002, Hits, Folk/Rock, DJ, Evening, Pump",2008,NA
"Daniel Romano","Nocturne Child (feat. The Outfit)","Cobra Poems (feat. The Outfit)","_002","I/III_002, Hits, Folk/Rock, Canadian, DJ, Evening, Drum, GEHam_Two",2021,NA
"Cool Ghouls","Look In Your Mirror","At George's Zoo","_002","I/III_002, Folk/Rock, Rain, Drum, DJ, Afternoon, Evening",2021,NA
"Allah-Las","Better Than Mine","Worship The Sun","_002","I/III_002, Hits, SunnyDees, Folk/Rock, DJ, Afternoon, Evening",2014,"Los Angles California, Innovative Leisure Records"
"Tough Age","The Heart of Juliet Jones","Tough Age","_003","I/III_003, Hits, SunnyDees, Canadian, DJ, Evening, Night, CanWav_Two",2013,NA
"Tijuana Panthers","Boardwalk","Semi Sweet","_003","I/III_003, Hits, SunnyDees, DJ, Evening, Night, Pump",2013,NA
"The Shivas","You Know What To Do","You Know What To Do","_003","I/III_003, Hits, SunnyDees, DJ, Night",2014,NA
"Shimmering Stars","I'm Gonna Try","Violent Hearts","_003","I/III_003, SunnyDees, Canadian, DJ, Evening, Hits",2011,NA
"Shannon & The Clams","Troublemaker","I Wanna Go Home","_003","I/III_003, Hits, SunnyDees, Fem, DJ, Night, Pump",2009,"1-2-3-4 Go! Records"
"SHAKING HANDS","Staring At The Sun","Shaking Hands","_003","I/III_003, Hits, SunnyDees, Canadian, DJ, Evening, Night, CanWav_Two",2014,NA
"Pow Wow's","You Haven't Got Me Yet","Broken Curses","_003","I/III_003, Hits, SunnyDees, Canadian, DJ, Evening, Night, Drum, Ignore, CanWav_Two",2015,NA
"Los Palms","I Don't Wanna Be Cool","Skeleton Ranch","_003","I/III_003, Hits, DJ, Evening, Drum, Pump",2022,NA
"Hot Garbage","X-Ray","RIDE","_003","I/III_003, Canadian, DJ, Afternoon, CanWav_Two",2021,NA
"Hinds","SAN DIEGO","Leave Me Alone","_003","I/III_003, Hits, SunnyDees, Fem, DJ, Evening, Night",2016,NA
"Heaters","Memorial","Solstice","_003","I/III_003, Hits, SunnyDees, DJ, Night",2014,NA
"The Get Alongs","Rain Magnificent","Weather Permitting","_003","I/III_003, Canadian, DJ, Evening",2022,NA
"Demon's Claws","Trip to the Clinic","The Defrosting Of","_003","I/III_003, Canadian, DJ, Evening",2010,NA
"Dead Ghosts","Can't Get No","Can't Get No","_003","I/III_003, SunnyDees, Canadian, Dj, Evening, Night",2013,NA
"Chains Of Love","You Got It","Chains Of Love","_003","I/III_003, Hits, SunnyDees, Canadian, Fem, DJ, Evening",2011,NA
"Buffalo Electric","Northern Sky","Snake Oil Remedies","_003","I/III_003, SunnyDees, Rain, DJ, Afternoon, Evening, Drum",2013,NA
"Alien Nosejob","Ariel View","The Derivative Sounds of... OR... A Dog Always Returns to its Vomit","_003","I/III_003, Hits, DJ, Evening",2023,"Victoria Australia, Anti Fade Records & Goner Records"
"Three Bones","Love Is The Only Way","Haven't You Heard","_004","I/III_004, SunnyDees, Fem, Rain, DJ, Afternoon",2015,NA
"Six Moons Later","When The Wind Wakes Me","Ep","_004","I/III_004, SunnyDees, Canadian, Fem, DJ, Evening, Night, Hits, CanWav_Two",2013,NA
"Shirley & The Pyramids","Sapanta Blue","Maid of Time","_004","I/III_004, Hits, Canadian, DJ, Evening, Night, Drum, I/III_029",2023,NA
"SHAKING HANDS","In The Mean Time","Shaking Hands","_004","I/III_004, SunnyDees, Canadian, DJ, Afternoon, Evening, Night, Rain",2014,NA
"Old Cabin","Borrowed Secrets","Old Cabin","_004","I/III_004, Folk/Rock, Canadian, Rain, Drum, DJ, Evening",2013,NA
"Haunted Summer","When the Suns Out","Spirit Guides","_004","I/III_004, SunnyDees, Fem, Rain, DJ, Evening",2017,NA
"Gunner & Smith","Find Your Own Way","Hear You in My Head","_004","I/III_004, Canadian, Folk/Rock, DJ, Afternoon, GEHam_Two",2022,NA
"Buffalo Electric","Lazy Day Lover","???","_004","I/III_004, Hits, SunnyDees, Rain, DJ, Afternoon, Evening",2018,NA
"The Autumn Stones","Endless War","Escapists","_004","I/III_004, Hits, Canadian, DJ, Evening, Night, GEHam_One",2015,"© The Autumn Stones"
"Anna Haverstock","Thoughts of Summer","Thoughts of Summer - Single","_004","I/III_004, Fem, Canadian, Hits, Drum, DJ, Afternoon, Evening, Ignore",2023,"Saskatoon Saskatchewan, Self Release"
"The Wesleys","25","25 - Single","_005","Canadian, DJ, Evening, I/III_005",2024,NA
"Tough Age","Waiting Here","Waiting Here","_005","Canadian, DJ, Evening, Night, I/III_005",2023,NA
"Sweeping Promises","Hunger for a Way Out","Hunger for a Way Out","_005","Fem, DJ, Evening, I/III_005",2020,NA
"ROY","Spoons For the World","Spoons For the World - Single","_005","Canadian, Folk/Rock, Rain, DJ, Afternoon, I/III_005",2024,NA
"Night Lunch","Lion in the Sun","Night Lunch","_005","Canadian, Fem, DJ, Afternoon, Instrumental, I/III_005",2018,NA
"Milk Lines","Suicide Note","Ceramic","_005","Canadian, Folk/Rock, DJ, Evening, I/III_005",2015,NA
"Michael Nau","Rides Through the Morning","Rides Through the Morning - Single","_005","Hits, Drum, Rain, Pump, DJ, Afternoon, Throw, Ignore, I/III_005",2019,NA
"M. Ward","Rollercoaster","Post-War","_005","Folk/Rock, Rain, DJ, Afternoon, I/III_005",2006,NA
"Kate Maki","To Please","On High","_005","Folk/Rock, Canadian, Fem, Rain, DJ, Afternoon, I/III_005",2008,NA
"Jon McKiel","Mourning Dove","Bobby Joe Hope","_005","DJ, Afternoon, Rain, Canadian, I/III_005",2020,NA
"Harlem","Someday Soon","Hippies (Bonus Track Version)","_005","Rain, DJ, Afternoon, Evening, I/III_005",2010,NA
"Dead Ghosts","Summer With Phil","Can't Get No","_005","Hits, SunnyDees, Canadian, DJ, Night, I/III_005",2013,NA
"Cut Worms","Don't Want to Say Good-Bye","Alien Sunset - EP","_005","DJ, Afternoon, Rain, Throw, Drum, I/III_005",2017,NA
"Connie Cunningham and the Creeps","Going, Going, Going, Gone","Going, Going, Going Gone: The Rare Recordings of Connie Cunningham and the Creeps, Vol. 1","_005","Hits, DJ, Afternoon, Evening, Throw, I/III_005",2023,NA
"The Beets","You Don't Want Kids to Be Dead","Let the Poison Out","_005","DJ, Afternoon, I/III_005",2011,NA
"Wine Lips","Big Muff","Wine Lips","_006","Hits, Canadian, DJ, Night, I/III_006",2017,NA
"Uncola","Plasma","Desolate - EP","_006","Canadian, Fem, DJ, Evening, Night, I/III_006",2024,NA
"Thee Oh Sees","Gholü","Face Stabber","_006","DJ, Night, I/III_006",2019,NA
"The Steves","Texas","To the Band","_006","Canadian, DJ, Night, I/III_006",2023,NA
"Shannon & The Clams","Blast Me to Bermuds","I Wanna Go Home","_006","SunnyDees, Fem, DJ, Evening, I/III_006",2009,"1-2-3-4 Go! Records"
"Rearranged Face","Dreadful Apparition","A Rare Caged Fern","_006","DJ, Afternoon, Evening, Night, I/III_006",2021,NA
"Psychic Void","Back 2 Reality","Cemetery Eyes","_006","Canadian, DJ, Night, I/III_006",2023,NA
"Private Lives","Trust In Me","Hit Record","_006","Canadian, Fem, DJ, Evening, CanWav_One, GEHam_One, I/III_006",2023,NA
"Prison Affair","I Want Ya (In My Cell)","Demo - EP","_006","DJ, Evening, I/III_006",2019,NA
"NOBRO","Where My Girls At","Set Your Pussy Free","_006","Canadian, Fem, DJ, Evening, I/III_006",2023,NA
"Necking","Spare Me","Cut Your Teeth","_006","Fem, Canadian, DJ, Evening, I/III_006",2019,NA
"Nancy & The Mysterious Visions","Clic Clac","The Seven Foot Tall Post-Suicidal Feel Good Blues","_006","DJ, Evening, Night, I/III_006",2021,NA
"Liz Cooper","Hot Sass","Hot Sass","_006","Fem, Hits, DJ, Evening, Night, I/III_006",2021,NA
"Lifeguard","Tell Me When","Dressed in Trenches - EP","_006","DJ, Night, I/III_006",2023,NA
"Hooded Fang","Graves","Gravez","_006","Hits, SunnyDees, Canadian, DJ, Night, Drum, Pump, Ignore, I/III_006",2013,NA
"Des Demonas","The South Will Never Rise Again","Des Demonas","_006","Hits, DJ, Night, I/III_006",2017,NA
"Daniel Romano","That's Too Rich","Too Hot To Sleep","_006","Canadian, DJ, Night, I/III_006",2024,NA
"Bully","All This Noise","Lucky for You","_006","Fem, DJ, Night, I/III_006",2023,NA
"Temples","Certainty","Volcano","_007","Hits, SunnyDees, DJ, Evening, Night, I/III_007",2016,NA
"The Soundcarriers","Waves","Wilds","_007","Hits, Fem, DJ, Evening, Drum, Pump, I/III_007",2021,NA
"Plain Jade","Anagram","Anagram - Single","_007","Hits, DJ, Evening, Drum, Canadian, Ignore, CanWav003, I/III_007",2019,NA
"Mother Sun","Smoke City","Train of Thought","_007","Canadian, DJ, Evening, I/III_007",2022,NA
"levitation room","Strange Weather","Strange Weather","_007","Hits, DJ, Evening, I/III_007",2024,NA
"Kali Horse","New Spring","Some Type of Electric Lagoon","_007","Canadian, Fem, DJ, Evening, Night, I/III_007",2023,NA
"Jacco Gardner","Clear The Air","Cabinet Of Curiosities","_007","Hits, SunnyDees, DJ, Afternoon, Evening, I/III_007",2013,NA
"Elephant Stone","Lost In A Dream","Back Into The Dream","_007","Canadian, DJ, Evening, I/III_007",2023,NA
"Babe Rainbow","Cosmic Now","The Babe Rainbow","_007","DJ, Afternoon, I/III_007",2017,NA
"Winds","Don't Make Me Choose","Look at the Sky","_008","Hits, Drum, DJ, Evening, Pump, Ignore, I/III_008",2021,NA
"The Umbrellas","When You Find Out","Fairweather Friend","_008","Fem, DJ, Evening, I/III_008",2024,NA
"Sunfruits","End of the World","One Degree","_008","Hits, DJ, Evening, Drum, Pump, I/III_008",2023,NA
"Pins & Needles","Mystic Woman","Mystic Woman","_008","Canadian, Fem, DJ, Afternoon, Evening, I/III_008",2018,NA
"The Lazy Eyes","The Seaside","SongBook","_008","Hits, DJ, Evening, Night, I/III_008",2022,NA
"Kiwi jr.","Waiting In Line","Cooler Returns","_008","Canadian, DJ, Afternoon, Evening, CanWav_Two, I/III_008",2021,NA
"Kelley Stoltz","I Remember, You Were Wild","To Dreamers","_008","Hits, SunnyDees, DJ, Evening, I/III_008",2010,NA
"The Garrys","Heavy Flow","Get Thee to a Nunnery","_008","Fem, Canadian, DJ, Evening, I/III_008",2021,NA
"FRANKIIE","Cruel","Between Dreams","_008","Canadian, Fem, DJ, Afternoon, Evening, I/III_008",2023,NA
"Frankie & The Witch Fingers","Brain Telephone","Brain Telephone","_008","Hits, SunnyDees, DJ, Night, I/III_008",2017,NA
"The Definitelays","Rager at Ruth's","Rager at Ruth's - Single","_008","Canadian, Fem, DJ, Evening, I/III_008",2023,NA
"BBQ Pope","Baby Face","BBQ Pope","_008","Canadian, DJ, Afternoon, Evening, I/III_008",2017,NA
"Zeus","You Gotta' Teller","Say Us","_009","Hits, Canadian, DJ, Evening, Night, I/III_009",2010,NA
"Three Bones","Hold On To Ya","Haven't You Heard","_009","Hits, SunnyDees, Fem, DJ, Evening, Night, I/III_009",2015,NA
"The Shilohs","Get Ready Now","So Wild","_009","Hits, Canadian, DJ, Evening, Pump, I/III_009, I/III_047",2013,NA
"SHAKING HANDS","Flowers","Flowers/Can't Help Myself","_009","Hits, SunnyDees, Canadian, DJ, Evening, Night, Drum, Ignore, I/III_009",2015,NA
"Parsnip","The Light","The Light - Single","_009","Fem, DJ, Evening, I/III_009",2024,NA
"Night Beats","That's All You Got (feat. Robert Levon Been)","That's All You Got (feat. Robert Levon Been) - Single","_009","Rain, Hits, DJ, Afternoon, Evening, Night, Drum, Pump, Throw, Ignore, I/III_009",2020,NA
"The Murlocs","Noble Soldier","Old Locomotive","_009","Hits, DJ, Night, Drum, Pump, Ignore, I/III_009",2017,NA
"Mr. Elevator","Madeline","When the Morning Greets You","_009","SunnyDees, DJ, Evening, I/III_009",2016,NA
"Michael Rault","Real Love (Yeah)","Living Daylight","_009","Hits, SunnyDees, Canadian, DJ, Evening, I/III_009",2015,NA
"Las Rosas","Moody","Everyone Gets Exactly What They Want","_009","DJ, Evening, I/III_009",2017,NA
"King Tuff","Beautiful Thing","Black Moon Spell","_009","Hits, SunnyDees, DJ, Evening, Night, I/III_009",2014,"© 2014 Sub Pop Records"
"The John Denver Airport Conspiracy","But We're Not Expecting It To","Something's Gotta Give !","_009","Canadian, DJ, Evening, Night, I/III_009",2021,NA
"The Franky Tones","Not so Sweet Leaf","Amateurs of Reality","_009","Canadian, DJ, Evening, I/III_009",2023,NA
"Bleached","Dead Boy","Ride Your Heart","_009","SunnyDees, Fem, DJ, Evening, I/III_009",2013,NA
"Apollo Ghosts","Peace Motive","Pink Tiger","_009","Canadian, DJ, Evening, I/III_009",2022,NA
"Ancient Shapes","I Wanna Put My Tears Back In","Ancient Shapes","_009","Canadian, DJ, Evening, Night, I/III_009",2016,NA
"Sunglaciers","One Time or Another","Regular Nature","_010","Canadian, DJ, Evening, I/III_010",2024,NA
"Pip Blom","You Don't Want This","Welcome Break","_010","Hits, Fem, DJ, Evening, Night, I/III_010",2021,NA
"Personal Trainer","Milk","Former Puppy - EP","_010","Hits, Drum, Pump, DJ, Evening, Ignore, I/III_010",2022,NA
"Lady Lamb","Billions of Eyes","After","_010","Hits, Fem, Drum, Pump, DJ, Afternoon, Evening, Ignore, I/III_010, I/III_047",2015,NA
"King Hannah","It's Me and You, Kid","I'm Not Sorry, I Was Just Being Me","_010","Hits, Fem, Rain, DJ, Night, I/III_010",2022,NA
"Honeyglaze","Female Lead","Honeyglaze","_010","Hits, Fem, DJ, Evening, Drum, I/III_010",2022,NA
"Grounders","Grand Prize Drawl","Wreck Of A Smile","_010","Hits, Canadian, DJ, Evening, I/III_010",2013,NA
"Friko","Get Numb To It!","Where we've been, Where we go from here","_010","DJ, Afternoon, Evening, Night, I/III_010",2024,NA
"Francis of Delirium","Blue Tuesday","Lighthouse","_010","Canadian, Fem, DJ, Evening, I/III_010",2023,NA
"Foxwarren","Everything Apart","Foxwarren","_010","Hits, Canadian, Folk/Rock, DJ, Evening, Night, Drum, Pump, GEHam_Two, I/III_010",2018,"Regina Saskatchewan,"
"Crystal Eyes","Wishes","The Sweetness Restored","_010","Canadian, Fem, DJ, Evening, I/III_010",2022,NA
"Boeckner","Holy Is the Night","Boeckner!","_010","Canadian, DJ, Afternoon, Evening, I/III_010",2024,NA
"The Wesleys","Death By the Bite","The Wesleys","_011","Canadian, DJ, Evening, I/III_011",2024,NA
"Tomato Flower","Magdalene","No","_011","Fem, DJ, Evening, I/III_011",2024,NA
"Real Farmer","Next In","Compare What's There","_011","DJ, Evening, I/III_011",2024,NA
"Public Display of Affection","Rose","P.D.O.A. - EP","_011","Fem, DJ, Evening, I/III_011",2021,NA
"Mock Media","Father of that crime","Mock Media II","_011","Canadian, DJ, Evening, I/III_011",2023,NA
"The Lounge Society","Last Breath","Tired of Liberty","_011","DJ, Evening, Night, GEHam_One, I/III_011",2022,NA
"Hélène Barbier","Unbolted Cover","Regulus","_011","Fem, DJ, Afternoon, Evening, I/III_011",2021,NA
"Gloin","Pitchfork","We Found This","_011","Canadian, DJ, Evening, I/III_011",2022,NA
"Fake Palms","Sparkles","Fake Palms","_011","Hits, Canadian, DJ, Night, Drum, Ignore, I/III_011, I/III_047",2015,NA
"The Early Mornings","Ultra-Modern Rain","Ultra-Modern Rain - EP","_011","Fem, DJ, Evening, I/III_011",2022,NA
"Dumb","Gibberish","Pray 4 Tomorrow","_011","Canadian, DJ, Evening, I/III_011",2022,NA
"Drinks","Hermits On Holiday","Hermits On Holiday","_011","SunnyDees, Fem, DJ, Afternoon, Evening, I/III_011",2015,NA
"Dancer","Change","10 Songs I Hate About You","_011","Fem, DJ, Evening, I/III_011",2024,NA
"Cola","Pallor Tricks","The Gloss","_011","Canadian, DJ, Evening, I/III_011",2024,NA
"Bingo Fury","Power Drill","Bats Feet For a Widow","_011","DJ, Evening, I/III_011",2023,NA
"Bart","Forced Perspective","Some Kind of Way","_011","Hits, Canadian, DJ, Evening, Night, I/III_011",2023,NA
"ROY","Cold Water In My Tea","Spoons for the World","_012","Folk/Rock, Canadian, DJ, Afternoon, Evening, I/III_012",2024,NA
"Rosali","Hopeless","Bite Down","_012","Folk/Rock, Fem, DJ, Evening, I/III_012",2024,NA
"Marina Allen","Sleeper Train","Candlepower","_012","Fem, Rain, Folk/Rock, DJ, Afternoon, Night, I/III_012",2021,NA
"Loving","No Mast","Any Light","_012","Canadian, Folk/Rock, Rain, DJ, Afternoon, I/III_012, I/III_047",2024,NA
"Kevin Morby","Dorothy","Singing Saw","_012","Hits, Folk/Rock, DJ, Evening, Drum, Pump, Ignore, I/III_012",2016,NA
"John Andrews & The Yawns","River of Doubt","Cookbook","_012","Hits, Folk/Rock, Rain, DJ, Afternoon, Evening, I/III_012",2021,NA
"Jason Collett","Dark Times","Head Full Of Wonder","_012","Hits, Canadian, Folk/Rock, DJ, Afternoon, Evening, I/III_012",2022,NA
"Full Power Happy Hour","Bit of Brightness","Bit of Brightness","_012","Hits, Fem, Folk/Rock, DJ, Afternoon, Evening, Pump, GEHam_Two, I/III_012",2022,NA
"Fleet Foxes","Mykonos","Sun Giant [EP]","_012","Hits, Folk/Rock, DJ, Evening, Drum, Pump, I/III_012",2008,NA
"Dorothea Paas","Anything Can't Happen","Anything Can't Happen","_012","Fem, Canadian, Folk/Rock, DJ, Afternoon, Evening, GEHam_Two, I/III_012",2021,NA
"Daniel Romano","The Motions (feat. The Outfit)","Cobra Poems (feat. The Outfit)","_012","Folk/Rock, Canadian, Rain, Fem, DJ, Afternoon, I/III_012",2021,NA
"Andy Shauf","Halloween Store","Norm","_012","Canadian, Folk/Rock, DJ, Afternoon, I/III_012",2023,"Regina Saskatchewan, Anti & Arts and Crafts"
"Zachary Lucky","Sell All You Have","Everywhere a Man Can Be","_013","Folk/Rock, Canadian, Rain, DJ, Afternoon, I/III_013",2016,NA
"Steel Saddle","Donny the Satanist","Donny the Satanist - Single","_013","Folk/Rock, Canadian, DJ, Evening, I/III_013",2024,NA
"Orville Peck & Willie Nelson","Cowboys Are Frequently Secretly Fond Of Each Other","Cowboys Are Frequently Secretly Fond Of Each Other - Single","_013","Canadian, Folk/Rock, DJ, Evening, I/III_013",2024,NA
"Milk Lines","Crib Death","Ceramic","_013","Canadian, Folk/Rock, DJ, Evening, I/III_013",2015,NA
"Kate Maki","Fought the Cattle","Moonshine","_013","Folk/Rock, Canadian, Fem, DJ, Afternoon, Evening, I/III_013",2011,NA
"Julianna Riolino","Queen of Spades","All Blue","_013","Folk/Rock, Fem, Canadian, DJ, Afternoon, Evening, I/III_013",2022,NA
"Jennifer Castle","Sparta","Pink City","_013","Hits, Folk/Rock, Canadian, Fem, DJ, Afternoon, Evening, I/III_013",2014,NA
"Demon's Claws","You'll Always Be My Friend","The Defrosting Of","_013","Canadian, Folk/Rock, DJ, Evening, I/III_013",2010,NA
"Adrianne Lenker","Sadness As a Gift","Bright Future","_013","Fem, Folk/Rock, Rain, DJ, Afternoon, I/III_013",2024,"Indianapolis Indiana, 4ad"
"Ac Sapphire","Oblivion","December 32nd","_013","Folk/Rock, Fem, DJ, Afternoon, I/III_013",2024,"Portland Oregon, American Standard Time Records"
"Wine Lips","Cash Man","Super Mega Ultra","_014","Canadian, DJ, Evening, Night, I/III_014",2024,NA
"Tebby And The Heavy","Turn It Around","Turn It Around - Single","_014","Hits, Canadian, Fem, DJ, Evening, Night, Drum, Pump, I/III_014",2022,NA
"Sam Jr.","Get Found (feat. Tess Parks)","Inner Shadow","_014","Fem, Canadian, DJ, Evening, I/III_014",2024,NA
"Sam Jr.","Get Found (feat. Tess Parks)","Get Found (feat. Tess Parks) - Single","_014","Fem, Canadian, DJ, Evening, I/III_014",2024,NA
"The Radiation Flowers","Visions","Stuck In a Maze - EP","_014","Fem, Canadian, DJ, Evening, Night, I/III_014",2020,NA
"Population II","Comme tu le souhaites (Ding Dong)","Serpent Échelle - EP","_014","Canadian, DJ, Evening, Night, I/III_014",2024,NA
"Kairos Creature Club","Deleuzean","Kairos Creature Club","_014","Fem, DJ, Evening, I/III_014",2024,NA
"Hot Garbage","Snooze You Lose","Precious Dream","_014","Canadian, DJ, Evening, Night, I/III_014",2023,NA
"Heaters","Skimmer","Holy Water Pool","_014","DJ, Evening, Night, I/III_014",2015,NA
"Frankie & The Witch Fingers","Futurephobic","Data Doom","_014","Hits, DJ, Evening, Night, Drum, I/III_014, I/III_047",2023,NA
"Dead Meadow","Sleepy Silver Door","Dead Meadow","_014","Hits, DJ, Night, I/III_014",2001,NA
"Corridor","Phase IV","Mimi","_014","Canadian, DJ, Afternoon, Evening, I/III_014",2024,NA
"Yeasayer","Sunrise","All Hour Cymbals","_015","Hits, Pump, DJ, Evening, Night, I/III_015",2007,NA
"Tune-Yards","hold yourself.","sketchy.","_015","Hits, Fem, DJ, Evening, Night, Drum, Pump, Ignore, I/III_015",2021,NA
"TOPS","Way to be Loved","Picture You Staring","_015","Canadian, Fem, Rain, DJ, Evening, CanWav_One, I/III_015",2014,NA
"Paul Jacobs","Christopher Robbins","Pink Dogs on the Green Grass","_015","Canadian, DJ, Evening, CanWav_One, I/III_015",2021,NA
"NYSSA","Creature 2 Creature","Shake Me Where I'm Foolish","_015","Fem, Canadian, Hits, Pump, DJ, Evening, I/III_015",2024,NA
"Lia Ices","Higher","Ices","_015","Hits, Fem, DJ, Afternoon, Evening, I/III_015",2014,NA
"Hannah Cohen","Get in Line","Welcome Home","_015","Fem, Rain, DJ, Afternoon, I/III_015",2019,NA
"Hand Habits","Aquamarine","Fun House","_015","Fem, Folk/Rock, DJ, Afternoon, I/III_015",2021,NA
"Faith Healer","Try ;-)","Try ;-)","_015","Canadian, Fem, DJ, Afternoon, Evening, Rain, Hits, I/III_015",2017,NA
"Dump Babes","Known Liar","Known Liar - Single","_015","Canadian, Fem, DJ, Evening, I/III_015",2024,NA
"Caleb Landry Jones","Corn Mine","Hey Gary, Hey Dawn","_015","Rain, DJ, Afternoon, Evening, I/III_015",2024,NA
"Alix Fernz","Bizou","Bizou","_015","DJ, Afternoon, I/III_015",2024,"Montreal Quebec, Mothland"
"White Fence","Like That","...For The Recently Found Innocent","_016","Hits, SunnyDees, DJ, Evening, I/III_016",2014,NA
"Vypers","Mr Girl","Champion 100 - EP","_016","Canadian, DJ, Evening, I/III_016",2018,NA
"Tough Age","Open It Up","Tough Age","_016","Hits, SunnyDees, Canadian, DJ, Evening, Night, Pump, I/III_016",2013,NA
"Thee Oh Sees","Tidal Wave (Live)","Levitation Sessions Vol. II (Live)","_016","Hits, Live, DJ, Evening, Night, I/III_016",2021,NA
"Shannon & The Clams","Oh So Close, Yet So Far","The Moon Is In The Wrong Place","_016","Fem, Rain, DJ, Afternoon, Evening, I/III_016",2024,NA
"ROY","Let Me Tell Ya","Roy's Garage","_016","Canadian, DJ, Evening, I/III_016",2021,NA
"Raeburn","Swell","Swell - Single","_016","Canadian, DJ, Evening, Night I/III_016",2024,NA
"Prison Affair","Escríbelo con sangre","Versiones Talegueras - Single","_016","DJ, Evening, I/III_016",2023,NA
"Physical Congas","Confusion Wants","Oh No! - Single","_016","Canadian, DJ, Evening, I/III_016",2023,NA
"Night Beats","I Was a Teenage Werewolf","I Was A Teenage Werewolf - Single","_016","Hits, DJ, Afternoon, Evening, Night, Throw, I/III_016",2023,NA
"The Mystery Lights","Follow Me Home","The Mystery Lights","_016","Hits, SunnyDees, Throw, DJ, Night, I/III_016",2016,NA
"King Gizzard & The Lizard Wizard","Let Me Mend The Past","Float Along - Fill Your Lungs","_016","SunnyDees, DJ, Afternoon, Evening, Hits, I/III_016",2013,NA
"Holy Void","Fear in Your Mind","Fear in Your Mind - Single","_016","Canadian, DJ, Evening, Night, CanWav003, I/III_016",2023,NA
"GHOSTWOMAN","Dead & Gone","Ghost Woman","_016","Hits, Canadian, DJ, Night, I/III_016",2022,NA
"Dopey's Robe","Majesty of Death & Time","Velvet Skinner","_016","Hits, Canadian, DJ, Evening, Night, I/III_016",2020,NA
"Dehd","Lucky","Water","_016","Hits, DJ, Afternoon, Evening, Drum, Pump, Ignore, I/III_016",2019,NA
"TEKE::TEKE","Yoru Ni","Shirushi","_017","Canadian, Fem, DJ, Afternoon, Evening, CanWav_Two, I/III_017",2021,NA
"Tebby And The Heavy","Lovers In Space","Lovers In Space - Single","_017","Hits, Canadian, Fem, Rain, DJ, Afternoon, Evening, CanWav_Two, I/III_017",2022,NA
"Plain Jade","Dirty Water","Arthur's Debt","_017","Canadian, DJ, Afternoon, Evening, I/III_017",2024,NA
"Los Palms","Sunday Death Dive","Skeleton Ranch","_017","DJ, Evening, Night, I/III_017",2022,NA
"Las Rosas","Mexi","Everyone Gets Exactly What They Want","_017","Rain, DJ, Afternoon, I/III_017",2017,NA
"La Luz","Dandelions","News of the Universe","_017","Fem, DJ, Evening, I/III_017",2024,NA
"Froth","Lost My Mind","Patterns","_017","Hits, SunnyDees, DJ, Evening, Night, I/III_017",2014,NA
"FRANKIIE","Funny Feelings","Forget Your Head","_017","Canadian, Fem, DJ, Afternoon, Evening, CanWav_Two, I/III_017",2019,NA
"Donna Blue","All for Show","Into the Realm of Love","_017","Fem, Rain, DJ, Afternoon, I/III_017",2024,NA
"Dead Ghosts","Roky Said","Can't Get No","_017","Hits, SunnyDees, Canadian, DJ, Night, Drum, Ignore, CanWav_Two, I/III_017",2013,NA
"Chains Of Love","He's Leaving (With Me)","Strange Grey Days","_017","Hits, SunnyDees, Canadian, Fem, DJ, Evening, Night, I/III_017",2012,NA
"Allah-Las","Vis-A-Vis","Allah-Las","_017","Hits, SunnyDees, Pump, DJ, Afternoon, Evening, Drum, Ignore, I/III_017",2012,"Los Angles California, Innovative Leisure Records"
"Status/Non-Status","North Adelaide","Surely Travel","_018","Canadian, Folk/Rock, Rain, Fem, DJ, Afternoon, I/III_018",2022,NA
"Snake River","Jeanie, I Know When I Want to Go Home","Tread on to the Seaside - EP","_018","Canadian, Rain, Folk/Rock, DJ, Afternoon, Evening, I/III_018",2019,NA
"The Royal Family","Metamorphosis","The Royal Family","_018","Folk/Rock, Rain, Canadian, DJ, Afternoon, I/III_018",2023,NA
"Nico Paulo","The Master","Nico Paulo","_018","Fem, Canadian, Folk/Rock, DJ, Afternoon, Evening, I/III_018",2023,NA
"The Moonlight Years","Miscommunication","Moonlight Years","_018","Folk/Rock, Rain, Canadian, DJ, Afternoon, I/III_018",2022,NA
"Marina Allen","Swinging Doors","Eight Pointed Star","_018","Folk/Rock, Fem, DJ, Afternoon, Evening, I/III_018",2024,NA
"Mapache","People Please","Swinging Stars","_018","Folk/Rock, Rain, DJ, Afternoon, Evening, I/III_018",2023,NA
"Loving","Medicine","Any Light","_018","Canadian, Folk/Rock, Rain, Hits, DJ, Afternoon, I/III_018",2023,NA
"Cut Worms","Too Bad","Cut Worms","_018","Folk/Rock, Rain, DJ, Afternoon, Evening, Night, GEHam_Two, I/III_018",2023,NA
"Color Green","Four Leaf Clover","Fool’s Parade","_018","Folk/Rock, DJ, Evening, I/III_018",2024,NA
"Bess Atwell","Release Myself","Light Sleeper","_018","Folk/Rock, Fem, DJ, Afternoon, Evening, I/III_018",2024,NA
"Yeasayer","Ambling Alp","Odd Blood","_019","Hits, DJ, Evening, Night, Drum, Pump, Ignore, I/III_019",2010,NA
"Tame Impala","The Less I Know The Better","Currents","_019","SunnyDees, DJ, Evening, I/III_019",2015,NA
"Mister Heavenly","Makin' Excuses","Boxing the Moonlight","_019","Hits, DJ, Evening, Drum, Pump, Ignore, I/III_019",2017,NA
"Midnight Sister","Foxes","Painting the Roses","_019","Rain, Hits, Fem, DJ, Afternoon, Evening, Drum, Pump, I/III_019, I/III_047",2021,NA
"Generationals","When They Fight, They Fight","Con Law","_019","Hits, DJ, Afternoon, Evening, Drum, Pump, Ignore, I/III_019",2009,NA
"Faith Healer","Another Fool","The Hand That Fits the Glove","_019","Fem, Canadian, DJ, Evening, I/III_019",2023,NA
"Ducks Ltd.","When You're Outside","When You're Outside - Single","_019","Canadian, DJ, Evening, I/III_019",2024,NA
"Dana Gavanski","Ears Were Growing","LATE SLAP","_019","Fem, Hits, DJ, Evening, I/III_019",2024,NA
"Caribou","Home","Suddenly","_019","Canadian, DJ, Afternoon, Evening, I/III_019",2019,NA
"BRAIDS","Miniskirt","Deep In The Iris","_019","Hits, Canadian, Fem, DJ, Afternoon, Evening, I/III_019",2015,NA
"Big Rig","Crying in a Corn Maze","Big Rig","_019","Fem, Canadian, DJ, Afternoon, Evening, I/III_019",2022,NA
"Beach Body","I'm So Tired","Walking Holiday","_019","Canadian, DJ, Afternoon, I/III_019",2021,NA
"Actor Director","Gold","Gold - Single","_019","Canadian, DJ, Evening, I/III_019",2021,"Saskatoon Saskatchewan, Mischief Records"
"The Wesleys","I've Been Waiting","The Wesleys","_020","Canadian, DJ, Evening, I/III_020",2024,NA
"Weird Nightmare","Lusitania","Weird Nightmare","_020","Canadian, Hits, DJ, Evening, Night, I/III_020",2022,NA
"Torrey","Bounce","Torrey","_020","Fem, DJ, Evening, I/III_020",2024,NA
"Status/Non-Status","When They Were","Surely Travel","_020","Hits, Canadian, Drum, Pump, DJ, Evening, Night, Ignore, GEHam_One, I/III_020, I/III_047",2022,NA
"Real Farmer","Consequence","Compare What's There","_020","DJ, Evening, I/III_020",2024,NA
"Private Lives","Dead Hand","Hit Record","_020","Canadian, Fem, DJ, Evening, I/III_020",2023,NA
"Porridge Radio","Back To the Radio","Waterslide, Diving Board, Ladder to the Sky","_020","Fem, DJ, Evening, Hits, I/III_020",2022,NA
"Ohtis","Schatze (feat. Stef Chura)","Schatze b/w Failure - Single","_020","Hits, Drum, Pump, DJ, Evening, Fem, Ignore, I/III_020",2021,NA
"MJ Meehan","Chained by Design","Spells","_020","Canadian, Hits, DJ, Evening, I/III_020",2024,NA
"The Lounge Society","Blood Money","Tired of Liberty","_020","DJ, Night, I/III_020",2022,NA
"King Hannah","New York, Let's Do Nothing","Big Swimmer","_020","Fem, Hits, DJ, Evening, I/III_020",2024,NA
"Girl and Girl","Hello","Call A Doctor","_020","Hits, Pump, DJ, Evening, I/III_020",2024,NA
"Black Mountain","The Hair Song","Wilderness Heart","_020","Hits, Canadian, Fem, DJ, Night, Evening, GEHam_One, I/III_020",2010,NA
"BBQ Pope","No More","BBQ Pope","_020","Canadian, DJ, Evening, Night, I/III_020",2017,NA
"The Sadies","Message to Belial","Colder Streams","_021","Canadian, Folk/Rock,DJ, Afternoon, Evening, I/III_021",2022,NA
"Rose City Band","Wildflowers","Summerlong","_021","Folk/Rock, DJ, Afternoon, Evening, I/III_021",2020,NA
"Possum","The Hills","Space Grade Assembly","_021","Hits, Canadian, DJ, Night, Drum, Pump, CanWav003, I/III_021",2019,NA
"Jared Jackel's Bad Vibrations","Deepest Well","Saw-Horse Pentagrams","_021","Canadian, DJ, Afternoon, Evening, CanWav003, I/III_021",2019,NA
"Holy Wave","Western Playland","Freaks of Nurture","_021","Hits, SunnyDees, DJ, Evening, Night, Drum, GEHam_Zero, Ignore, I/III_021",2016,NA
"Garrett T. Capps","People Are Beautiful (feat. NASA Country)","People Are Beautiful (feat. NASA Country)","_021","Folk/Rock, Hits, Pump, DJ, Evening, Night, I/III_021",2022,NA
"DOOM GONG","Memory Maze","Dream Behemoth","_021","DJ, Evening, I/III_021",2023,NA
"Cindy Lee","Dracula","Diamond Jubilee","_021","Canadian, DJ, Afternoon, Evening, I/III_021",2024,NA
"Badge Époque Ensemble","Zealous Child (feat. Dorothea Paas)","Nature, Man & Woman - EP","_021","Hits, DJ, Evening, Afternoon, I/III_021",2019,NA
"Vinyl Williams","Riddles of the Sphinx","Brunei","_022","SunnyDees, DJ, Evening, Night, I/III_022",2016,NA
"Vanishing Twin","The Age of Immunology (Version)","You Are Not an Island (Version) - EP","_022","Fem, DJ, Afternoon, I/III_022",2024,NA
"Still Corners","The Dream","Dream Talk","_022","Fem, DJ, Evening, I/III_022",2024,NA
"Sam Jr.","YRU","Inner Shadow","_022","Canadian, DJ, Evening, Night, I/III_022",2023,NA
"OMBIIGIZI","Connecting","Connecting - Single","_022","Canadian, DJ, Evening, I/III_022",2024,NA
"Mother Tongues","A Heart Beating","Love in a Vicious Way","_022","Canadian, Fem, DJ, Evening, GEHam_Zero, I/III_022",2023,NA
"Melody's Echo Chamber","Pêcheuse de Lune","Unfold","_022","Fem, DJ, Night, GEHam_Zero, I/III_022",2022,NA
"Lightning Bug","The Quickening","No Paradise","_022","Fem, DJ, Evening, I/III_022",2024,NA
"Holy Void","I Will Never Be Again","Naught","_022","Canadian, Instrumental, DJ, Evening, Night, GEHam_Zero, I/III_022",2019,NA
"Faith Healer","I'm a Dog","The Hand That Fits the Glove","_022","Fem, Canadian, DJ, Afternoon, Evening, I/III_022",2023,NA
"DAIISTAR","Clear","Clear - Single","_022","DJ, Afternoon, Evening, I/III_022",2024,NA
"Blume","Go To Sleep","Go To Sleep / Passes Me By - Single","_022","Canadian, Rain, DJ, Afternoon, I/III_022",2024,NA
"Widowspeak","Plum","Plum","_023","Fem, Folk/Rock, Rain, DJ, Afternoon, Evening, GEHam_Two, I/III_023",2020,NA
"Steel Saddle","Free in the Morning","Steel Saddle","_023","Folk/Rock, Canadian, DJ, Evening, I/III_023",2024,NA
"Sam Blasucci","Around the Corner","Off My Stars","_023","Folk/Rock, Rain, DJ, Afternoon, Evening, I/III_023, I/III_047",2023,NA
"Pearl Charles","You Can Change","Pearl Charles - EP","_023","SunnyDees, Folk/Rock, Fem, DJ, Evening, I/III_023",2015,NA
"Pacific Range","Santa Monica (Through the Canyon)","High Upon the Mountain","_023","Hits, Folk/Rock, Drum, DJ, Evening, Ignore, I/III_023",2020,NA
"Orville Peck","Turn to Hate","Pony","_023","Canadian, Folk/Rock, Hits, DJ, Evening, Afternoon, I/III_023",2019,NA
"Nico Paulo","Time","Nico Paulo","_023","Fem, Canadian, Folk/Rock, DJ, Afternoon, Evening, GEHam_Two, I/III_023",2023,NA
"Michael Rault","Inside Your Heart","Michael Rault","_023","Canadian, Folk/Rock, Rain, DJ, Afternoon, Evening, I/III_023",2006,NA
"Marina Allen","Oh, Louise","Candlepower","_023","Fem, Rain, Hits, Folk/Rock, DJ, Afternoon, Evening, I/III_023",2021,NA
"Mapache","Ghosts","Swinging Stars","_023","Rain, Folk/Rock, DJ, Afternoon, Evening, Night, GEHam_Two, I/III_023",2023,NA
"Loving","Gift","Any Light","_023","Canadian, Folk/Rock, Rain, DJ, Afternoon, I/III_023",2024,NA
"The Blaze Velluto Collection","Aligned","What's On Your Mind?","_023","Canadian, Fem, DJ, Evening, Folk/Rock, I/III_023",2023,NA
"Andy Shauf","Try Again","The Neon Skyline","_023","Hits, Canadian, Folk/Rock, DJ, Evening, Afternoon, Drum, Pump, Ignore, I/III_023",2019,"Regina Saskatchewan, Anti & Arts and Crafts"
"Wombo","Sour Sun","Fairy Rust & Selected Demos","_024","Fem, DJ, Evening, I/III_024",2022,NA
"Tebby And The Heavy","Just Sayin'","Just Sayin' - Single","_024","Canadian, Fem, DJ, Evening, Night, I/III_024",2024,NA
"No Windows","Zodiac 13","Point Nemo - EP","_024","Fem, DJ, Evening, Night, I/III_024, I/III_047",2024,NA
"No Frills","Copy Cat","Downward Dog","_024","Fem, Canadian, DJ, Afternoon, Evening, I/III_024",2022,NA
"Living Hour","Middle Name","Someday Is Today","_024","Canadian, Fem, DJ, Evening, I/III_024",2022,NA
"La Sécurité","Suspens","Stay Safe!","_024","Canadian, Fem, DJ, Evening, I/III_024",2022,NA
"Honeyglaze","Don't","Real Deal","_024","Hits, Pump, Fem, DJ, Evening, I/III_024",2024,NA
"Gustaf","Weighing Me Down","Package, Pt. 2","_024","Fem, DJ, Evening, I/III_024",2024,NA
"Goat Girl","words fell out","Below the Waste","_024","Folk/Rock, Fem, Rain, DJ, Afternoon, Evening, I/III_024",2024,NA
"Francis of Delirium","Real Love","Lighthouse","_024","Canadian, Fem, DJ, Afternoon, I/III_024",2023,NA
"Dilly Dally","I Feel Free","Heaven","_024","Canadian, Fem, DJ, Evening, Night, I/III_024",2018,NA
"Crumb","Crushxd","AMAMA","_024","Fem, DJ, Evening, I/III_024",2024,NA
"Ada Lea","hurt","one hand on the steering wheel the other sewing a garden","_024","Fem, Canadian, Folk/Rock, Rain, DJ, Afternoon, I/III_024",2021,"Montreal Quebec, Next Door Records"
"Wine Lips","Fried IV","Super Mega Ultra","_025","Canadian, DJ, Night, I/III_025",2024,NA
"Weird Nightmare","Searching for You","Weird Nightmare","_025","Canadian, DJ, Evening, Night, I/III_025",2022,NA
"Tough Age","50 Girls 50","I Get The Feeling Central","_025","SunnyDees, Canadian, Dj, Evening, Night, I/III_025",2015,NA
"Tacocat","Crimson Wave","NVM","_025","Hits, SunnyDees, Fem, DJ, Evening, Night, I/III_025",2014,NA
"Sunglaciers","Fakes","Regular Nature","_025","Canadian, DJ, Evening, I/III_025",2024,NA
"The Steves","Nanaimo","To the Band","_025","Canadian, DJ, Evening, Night, I/III_025",2023,NA
"Slow Fiction","Monday","Crush - EP","_025","Fem, DJ, Evening, Night, I/III_025",2024,NA
"Real Farmer","The Feeding","Compare What's There","_025","DJ, Evening, I/III_025",2024,NA
"Ratboys","Making Noise for the Ones You Love","The Window","_025","Fem, DJ, Evening, Night, I/III_025",2023,NA
"Prison Affair","Algo Huele Mal","Split - Single","_025","DJ, Night, I/III_025",2024,NA
"Perennial","Perennial Meets The Wolfman","Art History","_025","DJ, Evening, Night, I/III_025",2024,NA
"NOBRO","Nobody Knows","Set Your Pussy Free","_025","Canadian, Fem, DJ, Evening, I/III_025",2023,NA
"Necking","Big Mouth","Cut Your Teeth","_025","Canadian, Fem, DJ, Evening, I/III_025",2019,NA
"The Lovely Eggs","Death Grip Kids","Eggsistentialism","_025","Fem, DJ, Evening, Night, I/III_025",2024,NA
"Ezra Furman","Calm Down aka I Should Not Be Alone","Twelve Nudes","_025","Fem, Hits, Pump, DJ, Evening, Night, I/III_025",2019,NA
"Cola","Keys Down If You Stay","Keys Down If You Stay - Single","_025","Canadian, DJ, Evening, I/III_025",2023,NA
"C Turtle","Melvin Said This","Expensive Thrills","_025","Fem, DJ, Evening, Night, I/III_025",2024,NA
"BBQ Pope","Hey Jay","Sad Reprise EP","_025","Canadian, DJ, Evening, Night, I/III_025",2023,NA
"Wooden Shjips","Ghouls","Back to Land (Deluxe Version)","_026","DJ, Night, I/III_026",2013,NA
"White Fence","Anger! Who Keeps You Under?","...For The Recently Found Innocent","_026","SunnyDees, DJ, Evening, I/III_026",2014,NA
"Vypers","Made of Stone","Champion 100 - EP","_026","Canadian, DJ, Evening, Night, I/III_026",2018,NA
"Strange Lot","We Belong","MindStatE","_026","DJ, Evening, Night, I/III_026",2020,NA
"Straight Arrows","Don't Shoot Me","Surface World","_026","DJ, Evening, I/III_026",2024,NA
"Raeburn","Don't Need That","Don't Need That - Single","_026","Canadian, DJ, Evening, Night, I/III_026",2024,NA
"Possum","Ice Cream","Space Grade Assembly","_026","Canadian, DJ, Evening, I/III_026, I/III_047",2019,NA
"The Moonlight Years","Forever Under","Moonlight Years","_026","Canadian, DJ, Afternoon, Evening, I/III_026",2023,NA
"The Mad Walls","Who Wants to Die for Religion","Have You Heard the News?","_026","DJ, Evening, I/III_026",2024,NA
"Hot Garbage","Look at My Phone","Precious Dream","_026","Canadian, Fem, DJ, Evening, Night, I/III_026",2024,NA
"Heaters","Draggin’ Feet","Holy Water Pool","_026","DJ, Evening, Night, I/III_026",2015,NA
"Dead Ghosts","Jimi's Haze","Hippie Flippin","_026","Canadian, DJ, Evening, I/III_026",2024,NA
"Celia's Dream","Velvet","Endless, Nameless - EP","_026","Instrumental, Canadian, DJ, Night, I/III_026",2024,NA
"Alien Nosejob","Split Personality","The Derivative Sounds of... OR... A Dog Always Returns to its Vomit","_026","DJ, Evening, I/III_026",2023,"Victoria Australia, Anti Fade Records & Goner Records"
"Wednesday","Chosen to Deserve","Rat Saw God","_027","Fem, Folk/Rock, DJ, Evening, I/III_027",2023,NA
"Vetiver","Standin'","Thing Of The Past","_027","Hits, Folk/Rock, DJ, Evening, I/III_027",2008,NA
"Tess Parks","Koalas","Pomegranate","_027","Folk/Rock, Fem, Canadian, DJ, Afternoon, Evening, I/III_027",2024,NA
"Steel Saddle","Steel Saddle","Steel Saddle","_027","Folk/Rock, Canadian, DJ, Evening, I/III_027",2024,NA
"Skinny Dyck","Can't Change the Colour of Your Eyes","Can't Change the Colour of Your Eyes - Single","_027","Canadian, Folk/Rock, DJ, Afternoon, Evening, I/III_027",2024,NA
"Rosali","My Kind","Bite Down","_027","Folk/Rock, Fem, Hits, Pump, DJ, Evening, I/III_027",2024,NA
"Plain Jade","Keep It Underground","Arthur's Debt","_027","Folk/Rock, Canadian, DJ, Evening, I/III_027",2024,NA
"levitation room","Here Comes the Man","Headspace","_027","Folk/Rock, DJ, Afternoon, Evening, I/III_027",2019,NA
"Kacy & Clayton & Marlon Williams","Isn’t It","Plastic Bouquet","_027","Fem, Canadian, Folk/Rock, Rain, DJ, Afternoon, Evening, I/III_027",2020,NA
"Julianna Riolino","Lone Ranger","All Blue","_027","Folk/Rock, Fem, Canadian, DJ, Evening, I/III_027",2022,NA
"John Andrews & The Yawns","Painting a Picture","Bad Posture","_027","Folk/Rock, Rain, DJ, Afternoon, I/III_027, I/III_047",2017,NA
"Fruit Bats","Canyon Girl","Spelled In Bones","_027","Hits, Folk/Rock, DJ, Evening, I/III_027",2005,NA
"Daniel Romano","Still Dreaming (feat. The Outfit)","Cobra Poems (feat. The Outfit)","_027","Folk/Rock, Canadian, DJ, Evening, I/III_027",2021,NA
"Color Green","God In A $","Fool’s Parade","_027","Folk/Rock, DJ, Evening, I/III_027",2024,NA
"Somesurprises","Be Reasonable","Perseids","_028","DJ, Evening, I/III_028",2024,NA
"Sam Jr.","You Lock The Door I Broke The Window","Sam Jr.","_028","Canadian, DJ, Evening, Night, I/III_028",2022,NA
"The Radiation Flowers","Seventeen","Radiation Flowers","_028","Fem, Canadian, DJ, Evening, I/III_028",2016,NA
"Population II","Orlando","Électrons libres du québec","_028","Canadian, DJ, Evening, Night, I/III_028",2023,NA
"A Place to Bury Strangers","I Don't Know How You Do It","See Through You","_028","Hits, Drum, Pump, DJ, Night, Evening, Ignore, I/III_028",2022,NA
"OMBIIGIZI","Yaweh","Sewn Back Together","_028","Canadian, DJ, Afternoon, I/III_028",2022,NA
"Moon Duo","Sleepwalker","Circles","_028","DJ, Night, I/III_028",2012,"Sacred Bones Records. SBR-083"
"Föllakzoid","Trees","II","_028","DJ, Night, I/III_028",2013,NA
"Deradoorian","It Was Me","Find the Sun","_028","Fem, DJ, Evening, I/III_028",2020,NA
"Colliding Canyons","K2-141b","Collapse The Chronosphere","_028","Canadian, DJ, Evening, Night, Instrumental, I/III_028",2023,NA
"Yoo Doo Right","1N914","Don't Think You Can Escape Your Purpose","_029","Canadian, DJ, Night, Instrumental , I/III_029",2021,NA
"Ty Segall","Void","Three Bells","_029","DJ, Evening , I/III_029",2023,NA
"Runway","Slower Egypt","Runway","_029","Canadian, DJ, Evening, Night, Instrumental , I/III_029",2023,NA
"Rick White","Wizardry","De-Evolution","_029","Canadian, DJ, Evening, Night , I/III_029",2023,NA
"Psychedelic Porn Crumpets","Tally - Ho","Shyga! the Sunlight Mound","_029","DJ, Evening, Night , I/III_029",2020,NA
"Minami Deutsch","Your Pulse","Fortune Goodies","_029","Rain, DJ, Evening, Night , I/III_029",2022,NA
"Lightning Dust","I Knew","Infinite Light","_029","Canadian, Fem, DJ, Evening, Night, GEHam_Zero , I/III_029",2009,NA
"King Gizzard & The Lizard Wizard","Robot Stop","Nonagon Infinity","_029","Hits, SunnyDees, DJ, Night , I/III_029",2016,NA
"Frankie & The Witch Fingers","Empire","Data Doom","_029","Hits, DJ, Evening, Night, Drum, Pump, I/III_029",2023,NA
"Snake River","I'll Take You To Another Side","I'll Take You To Another Side - Single","_030","Canadian, DJ, Evening, I/III_030",2024,NA
"Raeburn","Friends","Bongo Dracula","_030","Canadian, DJ, Evening, CanWav_Two, I/III_030",2019,NA
"Pond","Neon River","Stung!","_030","DJ, Evening, I/III_030",2024,NA
"Mother Tongues","Worm Day","Love in a Vicious Way","_030","Canadian, Fem, DJ, Afternoon, Evening, I/III_030",2023,NA
"Mother Sun","Train of Thought","Train of Thought","_030","Canadian, DJ, Afternoon, Evening, I/III_030",2022,NA
"Misty Lanes","Would You Believe?","Colourless Green Ideas","_030","DJ, Afternoon, Evening, Instrumental, I/III_030",2024,NA
"King Gizzard & The Lizard Wizard","Yours","Butterfly 3000","_030","DJ, Evening, Night, I/III_030",2021,NA
"Jon McKiel","Object Permanence","Bobby Joe Hope","_030","DJ, Afternoon, Evening, Canadian, CanWav_One, I/III_030",2020,NA
"Jacco Gardner","The Ballad Of Little Jane","Cabinet Of Curiosities","_030","SunnyDees, Rain, DJ, Afternoon, I/III_030",2013,NA
"Elephant Stone","Love is Like a Spinning Wheel","Ship of Fools","_030","Canadian, DJ, Evening, I/III_030",2016,NA
"DTSQ","Please Be Satisfied","Moon Juice and Space Biscuits","_030","Hits, DJ, Afternoon, Evening, Night , I/III_030",2020,NA
"DOOM GONG","Still Hoverin'","DOOM GONG","_030","DJ, Afternoon, Evening, I/III_030",2023,NA
"Wine Lips","Dead Beat","Wine Lips","_031","Hits, Canadian, DJ, Night, I/III_031",2017,NA
"Straight Arrows","Peakin","Surface World","_031","DJ, Evening, I/III_031",2024,NA
"The Steves","To the Band","To the Band","_031","Canadian, DJ, Night, I/III_031",2023,NA
"Sheer Mag","Just Can't Get Enough","Need to Feel Your Love","_031","Fem, DJ, Evening, I/III_031",2017,NA
"Shannon & The Clams","Runaway","Dreams in the Rat House","_031","Hits, SunnyDees, Fem, DJ, Evening, Night, Pump, I/III_031",2013,NA
"SHAKING HANDS","Can't Help Myself","Flowers/Can't Help Myself","_031","Hits, SunnyDees, Canadian, DJ, Night, I/III_031",2015,NA
"Shadow Show","Mystic Spiral","Fantasy Now!","_031","Fem, DJ, Evening, I/III_031",2023,NA
"Parsnip","The Light","Behold","_031","Fem, DJ, Evening, I/III_031",2024,NA
"The Mystery Lights","Mighty Fine & All Mine","Purgatory","_031","DJ, Evening, Throw, I/III_031",2024,NA
"Michael Rault","All Alone (On My Own)","Living Daylight","_031","Hits, SunnyDees, Canadian, DJ, Evening, Drum, Ignore, I/III_031",2015,NA
"Habibi","Do You Want Me Now","Dreamachine","_031","Fem, DJ, Afternoon, Evening, I/III_031",2024,NA
"GHOSTWOMAN","The End of a Gun","Anne, If","_031","Hits, Canadian, DJ, Evening, Night, Drum, I/III_031, I/III_047",2020,NA
"The Electric Peanut Butter Company","Go Go Go","Trans-Atlantic Psych Classics, Vol. 1","_031","DJ, Evening, I/III_031",2015,NA
"Demon's Claws","Last Time At the Pool","The Defrosting Of","_031","Canadian, DJ, Evening, Night, I/III_031",2010,NA
"Daniel Romano","Field of Ruins","Too Hot To Sleep","_031","Canadian, DJ, Evening, I/III_031",2024,NA
"The BB Guns","Mexico","Bang - EP","_031","Fem, Canadian, DJ, Evening, I/III_031",2014,NA
"Apollo Ghosts","Soft American","Pink Tiger","_031","Canadian, DJ, Evening, I/III_031",2022,NA
"Alien Nosejob","Trapped in Time","Turns the Colour of Bad Shit","_031","DJ, Night, I/III_031",2024,"Victoria Australia, Anti Fade Records & Total Punk"
"The Welly Welly Wells","Decapitator","Decapitator - Single","_032","Rain, DJ, Afternoon, Evening, I/III_032",2024,NA
"Trees Speak","Seventh Mirror","Vertigo of Flaws: Emancipation of the Dissonance and Temperaments in Irrational Waveforms","_032","DJ, Afternoon, Evening, I/III_032",2021,NA
"Sam Jr.","Sweet Face (feat. Tess Parks)","Sam Jr.","_032","Canadian, DJ, Evening, Night, I/III_032",2022,NA
"The Radiation Flowers","Colours","Summer Loop","_032","Fem, Canadian, DJ, Evening, I/III_032",2017,NA
"Population II","R.B.","Serpent Échelle - EP","_032","Canadian, DJ, Evening, Night, I/III_032",2024,NA
"Mother Tongues","Love in a Vicious Way","Love in a Vicious Way","_032","Canadian, Fem, DJ, Afternoon, Evening, I/III_032",2023,NA
"Mmoss","Spoiled Sun","Only Children","_032","SunnyDees, DJ, Night, I/III_032",2012,NA
"Les Big Byrd","Diamonds, Rhinestones and Hard Rain","Diamonds, Rhinestones and Hard Rain","_032","DJ, Evening, I/III_032",2024,NA
"The John Denver Airport Conspiracy","Jeff Bezos Actually Works For Me","Something's Gotta Give !","_032","Canadian, DJ, Evening, I/III_032",2021,NA
"Hot Garbage","Dome","Coco's Paradise - EP","_032","Fem, Canadian, DJ, Evening, Night, I/III_032",2019,NA
"Baby Cool","Magic","Earthling on the Road to Self Love","_032","Fem, DJ, Evening, Night, I/III_032",2022,NA
"Windows","Wanted to Know","Raindrops on the Open Road (Rotor) - EP","_033","DJ, Evening, I/III_033",2024,NA
"Strange Lot","Such a Feeling","MindStatE","_033","DJ, Evening, I/III_033",2018,NA
"Straight Arrows","Summer Skies","Surface World","_033","DJ, Afternoon, Evening, I/III_033",2024,NA
"The Shivas","Cold Blooded","Can't Stop Coming Around","_033","Fem, DJ, Evening, I/III_033",2024,NA
"Private Lives","All the Queen's Men","Hit Record","_033","Canadian, Fem, DJ, Evening, CanWav_Two, I/III_033",2023,NA
"Motorists","Turn It Around","Surrounded","_033","Canadian, DJ, Evening, CanWav_Two, I/III_033",2021,NA
"Invasions","Cursed Comfort","Invasions","_033","Canadian, DJ, Afternoon, Evening, I/III_033",2013,NA
"Ichi-Bons","Snake Eyes","Snake Eyes - Single","_033","Canadian, DJ, Evening, Instrumental, I/III_033",2024,NA
"Human Interest","Wearing Faces","Smile While You're Losing - EP","_033","DJ, Evening, I/III_033",2024,NA
"Dead Ghosts","That Old Feeling","Can't Get No","_033","Hits, SunnyDees, Canadian, Drum, DJ, Evening, Night, Ignore, I/III_033",2013,NA
"The BB Guns","Mystery Girl","Bang - EP","_033","Fem, Canadian, DJ, Evening, I/III_033",2014,NA
"Wine Lips","High On Your Own Supply","Super Mega Ultra","_034","Canadian, DJ, Night, I/III_034",2024,NA
"The Umbrellas","Games","Fairweather Friend","_034","Fem, DJ, Evening, I/III_034",2024,NA
"Tough Age","Sea of White","Tough Age","_034","SunnyDees, Canadian, DJ, Evening, I/III_034",2013,NA
"Tacocat","Bridge to Hawaii","NVM","_034","Hits, SunnyDees, Fem, DJ, Evening, Night, I/III_034",2014,NA
"Sunglaciers","Kafka","Regular Nature","_034","Canadian, DJ, Evening, Night, I/III_034",2024,NA
"Shunk","Goblin","Goblin - Single","_034","Canadian, Fem, DJ, Evening, I/III_034",2024,NA
"Priors","Daffodil","Daffodil","_034","Canadian, DJ, Evening, I/III_034",2023,NA
"Perennial","Tiger Technique","Art History","_034","DJ, Evening, I/III_034",2024,NA
"Necking","No Playtime","Cut Your Teeth","_034","Canadian, DJ, Evening, I/III_034",2019,NA
"Nancy","I Hate Rock and Roll","English Leather","_034","DJ, Evening, Night, I/III_034",2022,NA
"King Tuff","Headbanger","Black Moon Spell","_034","SunnyDees, DJ, Evening, I/III_034",2014,"© 2014 Sub Pop Records"
"Garbo's Daughter","Nice Girls Don't Explode","Party Platter","_034","Fem, SunnyDees, DJ, Evening, I/III_034",2010,", Floridas Dying"
"Dumb","Quarter Stereo","Pray 4 Tomorrow","_034","Canadian, DJ, Evening, I/III_034",2022,NA
"Being Dead","Firefighters","EELS","_034","DJ, Evening, I/III_034",2024,NA
"The Weather Station","Moonlight","Moonlight - Single","_035","Fem, Canadian, Rain, DJ, Afternoon, Evening, I/III_035",2024,NA
"Trees Speak","Ultraviolet","Vertigo of Flaws: Emancipation of the Dissonance and Temperaments in Irrational Waveforms","_035","DJ, Evening, Night, Instrumental, I/III_035",2021,NA
"Public Display of Affection","Right In Front Of Me (feat. Alexander Alien)","Right In Front Of Me (feat. Alexander Alien) - Single","_035","Fem, DJ, Afternoon, Evening, I/III_035",2024,NA
"A Place to Bury Strangers","Love Reaches Out","See Through You","_035","Fem, DJ, Afternoon, Evening, I/III_035",2022,NA
"Here We Go Magic","I Believe In Action","A Different Ship","_035","DJ, Evening, Night, I/III_035",2012,NA
"Hand Habits","More Than Love","Fun House","_035","Fem, Rain, DJ, Afternoon, Evening, I/III_035",2021,NA
"GIFT","Light Runner","Illuminator","_035","DJ, Evening, I/III_035",2024,NA
"Ghostkeeper","Phantom","Cîpayak Joy","_035","Canadian, DJ, Evening, I/III_035",2024,NA
"Chad VanGaalen","TMNT Mask","Soft Airplane","_035","Canadian, DJ, Afternoon, I/III_035",2008,NA
"Caribou","After Hours","Andorra","_035","Canadian, DJ, Evening, Night, I/III_035",2007,NA
"BRAIDS","Evolution","Euphoric Recall","_035","Canadian, Fem, DJ, Afternoon, I/III_035",2023,NA
"Alix Fernz","Double face","Bizou","_035","DJ, Evening, Night, I/III_035",2024,"Montreal Quebec, Mothland"
"Thee Oh Sees","Corrupt Coffin","Thee Oh Sees / Total Control Split","_036","Hits, DJ, Night, I/III_036",2011,NA
"Shirley & The Pyramids","Past Lives (Live)","A New American Classic - EP","_036","Hits, Canadian, Drum, DJ, Night, Live, Ignore, I/III_036",2019,NA
"Shannon & The Clams","Sleep Talk","Sleep Talk","_036","Hits, SunnyDees, Fem, DJ, Evening, Night, I/III_036",2011,NA
"Physical Congas","Oh No!","Oh No! - Single","_036","Canadian, DJ, Afternoon, Evening, I/III_036",2023,NA
"Night Lunch","Fantastic","Night Lunch","_036","Canadian, Fem, DJ, Afternoon, GEHam_Zero, CanWav_Two, I/III_036",2018,NA
"Night Beats","Hex","The UFO Club / Night Beats","_036","Hits, DJ, Night, Pump, I/III_036",2011,NA
"Nick Waterhouse","Some Place","Time's All Gone","_036","Hits, SunnyDees, DJ, Evening, Night, Throw, I/III_036",2012,NA
"Milk Lines","Pellucidar","Ceramic","_036","Canadian, Throw, DJ, Evening, I/III_036",2015,NA
"Lael Neale","Blue Vein","Acquainted with Night","_036","Fem, Folk/Rock, Rain, DJ, Afternoon, I/III_036",2021,NA
"The King Khan & BBQ Show","Waddlin' Around","The King Khan & BBQ Show","_036","Hits, DJ, Night, I/III_036",2005,NA
"Heaters","Levitate Thigh","Mean Green 7"" - Single","_036","DJ, Evening, Night, I/III_036",2015,NA
"Demon's Claws","Catch Her By the Tail","The Defrosting Of","_036","Canadian, DJ, Evening, I/III_036",2010,NA
"Dead Ghosts","B.A.D.","Can't Get No","_036","SunnyDees, Canadian, DJ, Night, I/III_036",2013,NA
"Chains Of Love","Breaking My Heart","In Between / Breaking My Heart","_036","SunnyDees, Canadian, Fem, DJ, Evening, I/III_036",2011,NA
"Buffalo Electric","Road to Bali","Snake Oil Remedies","_036","Hits, SunnyDees, Rain, DJ, Afternoon, Evening, I/III_036",2013,NA
"Being Dead","Muriel’s Big Day Off","When Horses Would Run","_036","Fem, DJ, Afternoon, Evening, I/III_036",2023,NA
"Ty Segall","My Best Friend","Three Bells","_037","DJ, Evening, I/III_037",2024,NA
"Sacred Buzz","Radio Radiation","Radio Radiation / Rebel Machine - Single","_037","DJ, Evening, I/III_037",2024,NA
"Runway","Hogans Outback","Runway","_037","Canadian, DJ, Evening, Night, Instrumental, I/III_037",2023,NA
"Rick White","Your Tree Has No Roots","De-Evolution","_037","Canadian, DJ, Night, I/III_037",2023,NA
"Psychedelic Porn Crumpets","Bob Holiday","Night Gnomes","_037","DJ, Evening, Night, I/III_037, Picked",2022,NA
"J.R.C.G.","Lowrider","Ajo Sunshine","_037","DJ, Night, I/III_037",2021,NA
"Hooveriii","Hang Em High","Water for the Frogs","_037","DJ, Evening, Night, I/III_037",2021,NA
"Blume","Rush","Inner Vision","_037","Canadian, DJ, Evening, Night, I/III_037",2023,NA
"Black Thunder","Good Batch","Good Batch","_037","Canadian, DJ, Night, I/III_037",2024,NA
"Black Mountain","Stormy High","In The Future","_037","Canadian, DJ, Night, I/III_037",2007,NA
"Wine Lips","Lemon Party","Super Mega Ultra","_038","Canadian, DJ, Evening, Instrumental, I/III_038",2024,NA
"Vypers","Deepsave","Champion 100 - EP","_038","Canadian, DJ, Evening, Night, I/III_038",2018,NA
"ROY","I'm Not Afraid","Roy's Garage","_038","Canadian, DJ, Evening, I/III_038, Picked",2021,NA
"Parsnip","Turn to Love","Behold","_038","Fem, DJ, Evening, Afternoon, I/III_038",2024,NA
"Night Beats","Love Ain't Strange (Everything Else Is)","Sonic Bloom","_038","Hits, SunnyDees, DJ, Night, Drum, Pump, Throw, Ignore, I/III_038",2013,"RVRB-013. Released by The Reverberation Appreciation Society on September 24, 2013. Available for purchase on http://www.austinpsychfest.com"
"The Mystery Lights","What Happens When","The Mystery Lights","_038","Hits, SunnyDees, DJ, Night, I/III_038",2016,NA
"Mr. Elevator","When the Morning Greets You","When the Morning Greets You","_038","SunnyDees, DJ, Evening, Night, I/III_038",2016,NA
"levitation room","Scene for an Exit","Strange Weather","_038","DJ, Evening, I/III_038",2023,NA
"The John Denver Airport Conspiracy","2000 November","Something's Gotta Give !","_038","Canadian, DJ, Evening, Night, CanWav003, I/III_038",2021,NA
"GHOSTWOMAN","All the Time","Ghost Woman","_038","Canadian, DJ, Afternoon, Evening, Drum, Ignore, I/III_038",2022,NA
"Dopey's Robe","Semperfi","Velvet Skinner","_038","Canadian, DJ, Evening, Night, I/III_038",2020,NA
"Breanna Barbara","Nothin' but Time","Nothin' but Time","_038","Hits, Fem, DJ, Afternoon, Evening, Drum, I/III_038",2022,NA
"Waxahatchee","Much Ado About Nothing","Much Ado About Nothing - Single","_039","Fem, Folk/Rock, DJ, Afternoon, I/III_039",2024,NA
"Stewart Forgey","Look For the Truth","Nature of the Universe","_039","Folk/Rock, DJ, Afternoon, Evening, I/III_039",2024,NA
"Steel Saddle","Can’t Be Satisfied","Steel Saddle","_039","Canadian, Rain, DJ, Afternoon, Evening, Folk/Rock, I/III_039",2024,NA
"Rose City Band","Only Lonely","Summerlong","_039","Folk/Rock, DJ, Afternoon, I/III_039",2020,NA
"Pacific Range","Swap Meet","High Upon the Mountain","_039","Folk/Rock, DJ, Evening, I/III_039",2020,NA
"Orville Peck","Dead of Night","Pony","_039","Canadian, Rain, Folk/Rock, DJ, Afternoon, CanWav_One, I/III_039",2019,NA
"King Cuddy","Toronto","Self-Titled","_039","Folk/Rock, Canadian, DJ, Afternoon, I/III_039",2016,NA
"Kate Maki","Shine On My Mind","Moonshine","_039","Folk/Rock, Canadian, Fem, DJ, Afternoon, I/III_039",2011,NA
"First Aid Kit","Emmylou","The Lion's Roar","_039","Hits, Folk/Rock, Fem, Drum, DJ, Afternoon, Ignore, I/III_039",2012,NA
"Eliza Niemi","Leave Me","Staying Mellow Blows","_039","Fem, Folk/Rock, Canadian, DJ, Afternoon, Evening, I/III_039",2022,NA
"Charlsey Miller","Boo Hoo","Boo Hoo - Single","_039","Fem, DJ, Afternoon, Folk/Rock, I/III_039",2024,NA
"Anna St. Louis","Farther Away","Farther Away - Single","_039","Folk/Rock, Fem, Rain, DJ, Afternoon, I/III_039",2024,NA
"7ebra","I Have a Lot to Say","Bird Hour","_040","Hits, Fem, DJ, Afternoon, Evening, GEHam_Zero, I/III_040",2023,NA
"Uh Huh","Somewhere Beyond","Uh Huh","_040","Canadian, DJ, Afternoon, I/III_040",2022,NA
"Torrey","No Matter How","Torrey","_040","Fem, Rain, DJ, Evening, I/III_040",2024,NA
"Sunglaciers","Out of My Skull","Subterranea","_040","Canadian, DJ, Evening, Night, I/III_040",2022,NA
"The Soundcarriers","Already Over","Already Over - Single","_040","Fem, DJ, Evening, I/III_040",2024,NA
"Peel Dream Magazine","Oblast","Rose Main Reading Room","_040","DJ, Afternoon, Evening, I/III_040",2024,NA
"Night Lunch","Damien","Wall of Love","_040","Canadian, Fem, DJ, Afternoon, I/III_040",2020,NA
"Mother Tongues","Drip Drip","Love in a Vicious Way","_040","Canadian, Fem, DJ, Afternoon, I/III_040",2023,NA
"Mother Sun","Marbles","Meadow 6","_040","Canadian, Rain, DJ, Afternoon, Evening, I/III_040",2021,"Kamloops, Earth Libraries"
"Moon Panda","Meteorites","What on Earth","_040","Fem, DJ, Afternoon, I/III_040",2022,NA
"Memoryhouse","The Kids Were Wrong","The Slideshow Effect","_040","Hits, Canadian, Fem, DJ, Evening, I/III_040",2012,NA
"Lionlimb","Hurricane","Limbo","_040","DJ, Evening, I/III_040",2024,NA
"deary","Selene","Selene - Single","_040","Fem, Rain, DJ, Afternoon, Evening, I/III_040",2024,NA
"Alvvays","Bored In Bristol","Blue Rev","_040","Fem, Canadian, DJ, Evening, CanWav_One, I/III_040",2022,"Toronto Ontario, Transgressive Records & Polyvinyl"
"Thee Oh Sees","Memory of a Cut Off Head","Memory of a Cut Off Head","_041","SunnyDees, Folk/Rock, Fem, Rain, DJ, Afternoon, I/III_041",2017,NA
"Snake River","(I've Got a) Problem of My Own","Lost Album","_041","Folk/Rock, DJ, Evening, Night, Canadian, I/III_041",2021,NA
"The Royal Family","I Am the Wind","The Royal Family","_041","Folk/Rock, Canadian, DJ, Afternoon, I/III_041",2023,NA
"Rick White & The Sadies","Here In My Body","Rick White and the Sadies","_041","Folk/Rock, Canadian, DJ, Evening, I/III_041",2024,NA
"Plain Jade","You Bleed The","Arthur's Debt","_041","Folk/Rock, Canadian, DJ, Evening, I/III_041",2024,NA
"The Moonlight Years","That Way","Moonlight Years","_041","Folk/Rock, Rain, Canadian, DJ, Afternoon, Evening, I/III_041",2022,NA
"Garrett T. Capps","Ouray (feat. NASA Country)","Ouray (feat. NASA Country) - Single","_041","Folk/Rock, DJ, Evening, I/III_041",2024,NA
"Faux Ferocious","Chase the Dream","Pretty Groovy","_041","Hits, DJ, Afternoon, Evening, Folk/Rock, Drum, I/III_041",2019,NA
"Color Green","Warbling Sky","Color Green","_041","Folk/Rock, Rain, DJ, Afternoon, Evening, GEHam_Two, I/III_041, Picked",2022,NA
"Caleb Landry Jones","Masandoia","Hey Gary, Hey Dawn","_041","Folk/Rock, DJ, Evening, I/III_041",2024,NA
"Straight Arrows","Fast Product","Fast Product - Single","_042","I/III_042, DJ, Evening",2023,NA
"The Spyrals","Tell All the World","Out of Sight","_042","I/III_042, DJ, Evening",2013,NA
"Shirley & The Pyramids","Past Lives","Shirley & the Pyramids","_042","I/III_042, DJ, Night",2016,NA
"Shannon & The Clams","The Cult Song","Sleep Talk","_042","I/III_042, SunnyDees, Fem, DJ, Night, Hits",2011,NA
"ROY","In the Garden Defeated","Roy's Garage","_042","I/III_042, Canadian, DJ, Afternoon, CanWav_Two",2021,NA
"Psychic Void","Internet Human","Skeleton Paradise","_042","I/III_042, Canadian, DJ, Night",2019,NA
"The Okmoniks","Next Worse Thing","Afterparty Fever!!!","_042","I/III_042, Fem, DJ, Evening, Night",2024,NA
"Night Beats","Little War In The Midwest","Night Beats","_042","I/III_042, Hits, SunnyDees, DJ, Night",2011,NA
"Milk Lines","Lucille","Ceramic","_042","I/III_042, Canadian, Folk/Rock, DJ, Evening",2015,NA
"The Mad Walls","Somewhere Anywhere","Somewhere Anywhere - EP","_042","I/III_042, SunnyDees, DJ, Evening, Night, Picked",2017,NA
"The Limiñanas","Migas 2000","I'm Dead / Migas 2000 - Single","_042","I/III_042, Hits, Fem, Drum, DJ, Evening, Ignore",2010,NA
"Demon's Claws","Mona's Lunch","The Defrosting Of","_042","I/III_042, Canadian, DJ, Evening",2010,NA
"The Definitelays","Sunday Afternoon","Becky Goes to Wreck Beach - EP","_042","I/III_042, Canadian, Fem, DJ, Afternoon, Evening",2019,NA
"Dead Ghosts","Rat Race","Love And Death And All The Rest","_042","I/III_042, Hits, SunnyDees, Canadian, DJ, Night",2015,NA
"Chains Of Love","Lies Lies Lies","Strange Grey Days","_042","I/III_042, Hits, SunnyDees, Canadian, Fem, DJ, Evening",2012,NA
"Buffalo Electric","No Time But Now","Snake Oil Remedies","_042","I/III_042, Hits, SunnyDees, DJ, Evening, Night",2013,NA
"The Beets","Now I Live","Let the Poison Out","_042","I/III_042, DJ, Afternoon, Evening",2011,NA
"The BB Guns","Bang","Bang - EP","_042","I/III_042, Fem, Canadian, DJ, Evening",2014,NA
"Vypers","Stay","Vypers","_043","I/III_043, Canadian, DJ, Night",2024,NA
"Tijuana Panthers","Cherry Street","Wayne Interest","_043","I/III_043, SunnyDees, DJ, Evening",2014,NA
"Tacocat","Alien Girl","NVM","_043","I/III_043, SunnyDees, Fem, DJ, Evening",2014,NA
"Rearranged Face","A Flock of Seagulls","Far Green Arcade","_043","I/III_043, DJ, Evening",2024,NA
"Real Farmer","I Can't Run","Compare What's There","_043","I/III_043, DJ, Afternoon, Evening",2024,NA
"Public Display of Affection","Artificial Paradise","I Still Care","_043","I/III_043, Fem, DJ, Afternoon",2022,NA
"Parquet Courts","Almost Had to Start a Fight / In and Out of Patience","Wide Awake!","_043","I/III_043, Hits, DJ, Evening, Drum, Pump",2018,NA
"NOBRO","Not Myself","Live Your Truth Shred Some Gnar","_043","I/III_043, Fem, Canadian, DJ, Evening",2022,NA
"Motorists","The Folded Plan","Touched by the Stuff","_043","I/III_043, Canadian, DJ, Evening",2024,NA
"Hooded Fang","Wasteland","Gravez","_043","I/III_043, Hits, SunnyDees, Canadian, DJ, Evening, Night",2013,NA
"Gustaf","Statue","Package, Pt. 2","_043","I/III_043, Fem, DJ, Evening",2024,NA
"Ghostkeeper","Well, Well, Well","Ghostkeeper","_043","I/III_043, Hits, Canadian, DJ, Night, GEHam_One",2010,"Flemish Eye"
"Feeling Figures","Movement","Migration Magic","_043","I/III_043, Canadian, DJ, Evening, Night",2023,NA
"Bored Décor","No Love in Romance","The Colour Red","_043","I/III_043, Canadian, DJ, Evening, Night",2018,NA
"blind commentary","Frail","Frail - Single","_043","I/III_043, Canadian, DJ, Evening",2023,NA
"Alien Nosejob","Living on a Crust","Turns the Colour of Bad Shit","_043","I/III_043, DJ, Evening, Night",2024,"Victoria Australia, Anti Fade Records & Total Punk"
"Twin Voices","Open Arms","Sing To Me EP","_044","I/III_044, Hits, Canadian, Fem, DJ, Evening, Night",2014,NA
"Sunfruits","Feeling Fine","One Degree","_044","I/III_044, DJ, Evening",2023,NA
"La Sécurité","Detour","Ketchup / Detour - Single","_044","I/III_044, Fem, Canadian, DJ, Evening",2024,NA
"Kairos Creature Club","Kevlar","Join The Club","_044","I/III_044, Fem, DJ, Evening, Night",2020,NA
"jog","Plight Sound","EP 01 - Single","_044","I/III_044, Canadian, DJ, Evening",2024,NA
"Gut Health","Uh oh","Stiletto","_044","I/III_044, Fem, DJ, Evening",2024,NA
"Girl and Girl","The Cow","The Cow - Single","_044","I/III_044, DJ, Evening",2024,NA
"Frog Eyes","Bushels","Tears Of The Valedictorian","_044","I/III_044, Canadian, DJ, Night",2007,NA
"Francis of Delirium","Give It Back to Me","Lighthouse","_044","I/III_044, Canadian, Fem, Rain, Hits, DJ, Afternoon, Evening",2024,NA
"fantasy of a broken heart","Ur Heart Stops","Follow Your Captain - EP","_044","I/III_044, DJ, Evening",2024,NA
"Bart","Turncoat","Some Kind of Way","_044","I/III_044, Hits, Canadian, DJ, Evening",2023,NA
"Virgo Rising","Tristan","Vampyre Year - EP","_045","I/III_045, Canadian, Fem, DJ, Evening",2023,NA
"sweet93","what's true?","what's true? - Single","_045","I/III_045, Fem, DJ, Afternoon, Evening",2024,NA
"PACKS","Pearly Whites","Melt the Honey","_045","I/III_045, Fem, Canadian, Rain, DJ, Afternoon, Evening",2024,NA
"Nice Biscuit","Desolation","SOS","_045","I/III_045, Fem, DJ, Afternoon, Evening",2024,NA
"Diamond Day","Summerland","Connect The Dots","_045","I/III_045, Fem, Canadian, DJ, Afternoon, Evening",2024,NA
"DAIISTAR","Purified","Good Time","_045","I/III_045, DJ, Afternoon",2023,NA
"Corridor","Pow","Junior","_045","I/III_045, Canadian, DJ, Evening, Night",2019,NA
"Constant Smiles","Here and Gone","Kenneth Anger","_045","I/III_045, Rain, DJ, Evening",2023,NA
"Cindy Lee","Golden Microphone","Diamond Jubilee","_045","I/III_045, Canadian, DJ, Afternoon, Evening",2024,NA
"Chastity Belt","Different Now","I Used to Spend So Much Time Alone","_045","I/III_045, Fem, DJ, Evening, Night",2017,NA
"Beach House","Heart Of Chambers","Devotion","_045","I/III_045, Fem, Rain, DJ, Afternoon",2008,NA
"Beach Body","Commons","Count Every Bird","_045","I/III_045, Canadian, DJ, Afternoon, Evening",2024,NA
"Wut","Your Feelings","Mingling with the Thorns","_046","I/III_046, Canadian, Fem, DJ, Evening",2024,NA
"Tennis","Seafarer","Cape Dory","_046","I/III_046, Hits, SunnyDees, Fem, DJ, Evening, Drum, Pump, Throw, Ignore",2011,NA
"SEND MEDICINE","Corduroy","Mermaids on the Verandah","_046","I/III_046, DJ, Evening",2018,NA
"levitation room","Warmth of the Sun","Warmth of the Sun - Single","_046","I/III_046, Hits, DJ, Evening, Night, Drum, Ignore",2018,NA
"Las Rosas","Black Cherry","Everyone Gets Exactly What They Want","_046","I/III_046, DJ, Evening",2017,NA
"La Sera","Never Come Around","La Sera","_046","I/III_046, Hits, SunnyDees, Throw, Fem, DJ, Evening",2011,NA
"Invasions","Rosy","Invasions","_046","I/III_046, Canadian, DJ, Afternoon, Evening",2013,NA
"Ichi-Bons","Ich-I-Bon #1","Ich-I-Bon #1 - EP","_046","I/III_046, Canadian, Throw, DJ, Evening, Instrumental",2023,NA
"Hooded Fang","Clap","Tosta Mista","_046","I/III_046, Hits, SunnyDees, Canadian, DJ, Evening",2011,"D. Lee"
"The Garrys","Ambrosia Salad","Get Thee to a Nunnery","_046","I/III_046, Fem, Canadian, DJ, Evening, CanWav_Two",2021,NA
"Frankie & The Witch Fingers","Learnings of the Light","Brain Telephone","_046","I/III_046, SunnyDees, Hits, DJ, Evening",2017,NA
"Dead Ghosts","Flower Pot","Hippie Flippin","_046","I/III_046, Canadian, DJ, Evening",2024,NA
"Chains Of Love","In Between","In Between / Breaking My Heart","_046","I/III_046, Hits, SunnyDees, Canadian, Fem, DJ, Evening, Night, CanWav_Two",2011,NA
"Babe Rainbow","Johny Says Stay Cool","The Babe Rainbow","_046","I/III_046, Hits, Drum, Pump, DJ, Afternoon, Evening, Ignore",2017,NA
"Ty Segall","I'm a Man","Fudge Sandwich","_048","Hits, DJ, Evening, Night, Drum, Pump, Ignore, I/III_048",2018,NA
"Tess Parks","Do You Pray?","And Those Who Were Seen Dancing","_048","Fem, Canadian, DJ, Evening, Night, I/III_048",2022,"Toronto, Hand Drawn Dracula"
"The Radiation Flowers","Sunrise","Summer Loop","_048","Fem, Canadian, DJ, Evening, I/III_048",2017,NA
"Party Dozen","Money & The Drugs","Crime In Australia","_048","DJ, Night, I/III_048",2024,NA
"Meatbodies","Wahoo","Meatbodies","_048","Hits, DJ, Evening, Night, Eveght, I/III_048",2014,NA
"Holiday Ghosts","Sublime Disconnect","Coat of Arms","_048","Fem, DJ, Evening, I/III_048",2024,NA
"Fuzz","Rat Race","II","_048","SunnyDees, DJ, Night, I/III_048",2015,NA
"The Franky Tones","The One That Is Here","The Good Room","_048","Canadian, DJ, Evening, Night, I/III_048",2022,NA
"Feeling Figures","Pour Un Instant","Migration Magic","_048","Fem, Canadian, DJ, Evening, Night, I/III_048",2023,NA
"Delivery","Operating At A Loss","The New Alphabet - EP","_048","DJ, Evening, I/III_048",2024,NA
"Damaged Bug","Sold America","Bug On Yonkers","_048","Hits, DJ, Night, I/III_048",2020,NA
"Corridor","Domino","Junior","_048","Canadian, DJ, Evening, Night, I/III_048",2019,NA
"Brian Cuddy","DTB I","Burning Light","_048","Canadian, DJ, Evening, Night, I/III_048",2024,NA
"Big Evil Rat","Shutdown","LIVE AT CJSW","_048","Canadian, DJ, Evening, Night, I/III_048",2024,NA
"Widowspeak","While You Wait","The Jacket","_049","Hits, Rain, Fem, Folk/Rock, DJ, Afternoon, I/III_049",2022,NA
"Still Corners","A Kiss Before Dying","The Last Exit","_049","Fem, Folk/Rock, Rain, DJ, Afternoon, Evening, I/III_049",2021,NA
"Snake River","TV Light","TV Light - Single","_049","Canadian, Folk/Rock, DJ, Evening, Night, I/III_049",2024,NA
"Shannon Lay","All This Life Going Down","All This Life Going Down","_049","SunnyDees, Folk/Rock, Fem, Rain, DJ, Afternoon, I/III_049",2016,NA
"Rose City Band","Seeds of Light","Seeds of Light - Single","_049","Folk/Rock, DJ, Afternoon, Evening, I/III_049",2024,NA
"Patrick Watson","Here Comes the River","Wave","_049","Canadian, Folk/Rock, Rain, DJ, Afternoon, I/III_049",2019,NA
"One Hundred Dollars","Black Gold","Songs Of Man","_049","Folk/Rock, Canadian, Fem, DJ, Evening, I/III_049",2011,NA
"L.T.Leif","Quail's Egg","Come Back to Me, but Lightly","_049","Folk/Rock, Fem, Canadian, DJ, Afternoon, I/III_049",2023,NA
"Jack Name","I Came to Tell You in Plain English","Magic Touch","_049","Folk/Rock, DJ, Evening, I/III_049",2020,NA
"hooper","Heavyweight","Heavyweight - Single","_049","Canadian, Folk/Rock, DJ, Afternoon, Evening, I/III_049",2024,NA
"Heather Trost","Sandcastles","Desert Flowers","_049","Fem, Folk/Rock, DJ, Evening, GEHam_Zero, I/III_049",2022,NA
"Yoo Doo Right","Speed Guru","Speed Guru - Single","_050","Canadian, DJ, Night, I/III_050",2020,NA
"Ty Segall","Eggman","Three Bells","_050","DJ, Evening, Night, Eveght, I/III_050",2023,NA
"Thee Oh Sees","Abysmal Urn","Smote Reverser","_050","Hits, DJ, Night, Drum, Pump, Ignore, I/III_050",2018,NA
"Rick White","Very Small","De-Evolution","_050","Canadian, DJ, Evening, Night, I/III_050",2023,NA
"Psychic Void","Small Talk","Skeleton Paradise","_050","Canadian, DJ, Night, I/III_050",2019,NA
"Population II","Le thé est prêt","Maintenant Jamais","_050","Canadian, DJ, Evening, Night, I/III_050",2025,NA
"King Gizzard & The Lizard Wizard","Gamma Knife","Nonagon Infinity","_050","Hits, SunnyDees, DJ, Night, I/III_050",2016,NA
"Hot Garbage","Easy Believer","Easy Believer - Single","_050","Canadian, DJ, Evening, Night, I/III_050",2020,NA
"Frankie & The Witch Fingers","MEPEM...","Monsters Eating People Eating Monsters...","_050","DJ, Night, I/III_050",2020,NA
"Beans","Kookaburra","Boots n Cats","_050","DJ, Evening, Night, Eveght, I/III_050",2024,NA
"Twist","Where Do You Go","Where Do You Go","_051","Fem, Canadian, DJ, Afternoon, Evening, I/III_051",2024,NA
"Pond","Holding Out For You","Man It Feels Like Space Again","_051","SunnyDees, Rain, DJ, Afternoon, I/III_051",2015,NA
"Pipe-eye","Lords Of Lithium","Pipe-defy","_051","DJ, Afternoon, Evening, I/III_051",2024,NA
"Patrick Watson & La Force","Height of the Feeling","Better in the Shade","_051","Canadian, DJ, Afternoon, I/III_051",2022,NA
"The Mynabirds","Disarm","Generals","_051","Fem, DJ, Evening, I/III_051",2012,NA
"Lomelda & More Eaze","In Another Life","TRANSA","_051","Fem, Folk/Rock, DJ, Afternoon, I/III_051",2024,", Red Hot Organization"
"L.T.Leif","Into The Air","Into The Air - Single","_051","Canadian, Fem, DJ, Evening, I/III_051",2024,NA
"Koleżanka","City Summer Sweat","Alone with the Sound the Mind Makes","_051","Fem, Folk/Rock, DJ, Rain, Evening, I/III_051",2023,NA
"Islands","Superstitious","And That's Why Dolphins Lost Their Legs","_051","Canadian, DJ, Evening, Night, I/III_051",2023,NA
"Generationals","Gold Silver Diamond","Alix","_051","DJ, Afternoon, Evening, I/III_051",2014,NA
"Caribou","Sundialing","Andorra","_051","Canadian, Instrumental, DJ, Afternoon, I/III_051",2007,NA
"BRAIDS","Victoria","Flourish // Perish","_051","Canadian, Fem, DJ, Afternoon, I/III_051",2013,NA
"Vypers","Ice","Welcome to the Gutter: Selected Demos 2020-2023","_052","Canadian, DJ, Afternoon, Evening, I/III_052",2024,NA
"The Smashing Times","Glorious Tales of Wes","This Sporting Life","_052","DJ, Evening, I/III_052",2023,NA
"ROY","Little More Time","Spoons for the World","_052","Folk/Rock, Canadian, DJ, Afternoon, I/III_052",2024,NA
"Prison Affair","Isolation","Demo 4 - EP","_052","DJ, Afternoon, Evening, I/III_052",2024,NA
"knitting","Last Mistake","Knitting","_052","Fem, Canadian, DJ, Afternoon, Evening, I/III_052",2021,NA
"Jon McKiel","Deeper Shade","Bobby Joe Hope","_052","DJ, Afternoon, Canadian, I/III_052",2020,NA
"Jared Jackel's Bad Vibrations","Just Like the Way That It Sounds","Bad Nauseam - EP","_052","Canadian, DJ, Afternoon, Evening, I/III_052",2025,NA
"Ghostkeeper","Piggybackin'","Ghostkeeper","_052","Canadian, Fem, DJ, Evening, I/III_052",2010,"Flemish Eye"
"Feeling Figures","I Should Tell You","Migration Magic","_052","Fem, Canadian, DJ, Evening, I/III_052",2023,NA
"The Drin","Venom","Today My Friend You Drunk the Venom","_052","DJ, Evening, Night, Eveght, I/III_052",2023,NA
"Demon's Claws","Weird Ways","The Defrosting Of","_052","Canadian, Folk/Rock, DJ, Afternoon, Evening, I/III_052",2010,NA
"The Bug Club","Better Than Good","On the Intricate Inner Workings of the System","_052","DJ, Afternoon, I/III_052",2024,NA
"Angel Hall","The Dinosaur Song",NA,"_052","Canadian, Fem, DJ, Afternoon, Evening, I/III_052",2012,"Victoria British Columbia, Self Release"
"Vague Plot","Moto","Crying In 9","_053","DJ, Afternoon, Evening, Night, I/III_053",2024,NA
"Possum","Clarified Budder","Lunar Gardens","_053","Hits, Canadian, DJ, evening, Night, Drum, Ignore, I/III_053",2021,NA
"Mother Sun","Giant Bog","Meadow 6","_053","Canadian, DJ, Evening, Night, I/III_053",2024,"Kamloops, Earth Libraries"
"Minami Deutsch","Pueblo","Fortune Goodies","_053","DJ, Evening, Night, Eveght, I/III_053",2022,NA
"Holy Void","Too Close to the Sun","Too Close to the Sun - Single","_053","Canadian, DJ, Evening, Night, I/III_053",2024,NA
"Goat","One More Death","Goat","_053","Fem, DJ, Evening, Night, Eveght, I/III_053",2024,NA
"Elephant Stone","The Devil's Shelter (feat. Alex Maas)","Ship of Fools","_053","Canadian, DJ, Evening, Night, I/III_053",2016,NA
"Colliding Canyons","Ebb Cade","Collapse The Chronosphere","_053","Canadian, DJ, Afternoon, Evening, Night, Instrumental, Last, CanWav003, I/III_053",2023,NA
"Sunglaciers","Order","Subterranea","_054","Canadian, DJ, Evening, Night, I/III_054",2022,NA
"Oneida","Low Tide","Success","_054","DJ, Night, I/III_054",2022,NA
"Maruja","The Invisible Man","Connla's Well - EP","_054","DJ, Evening, Night, Eveght, I/III_054",2024,NA
"Hot Garbage","Ride","RIDE","_054","Fem, Canadian, DJ, Evening, Night, I/III_054",2021,NA
"Gut Health","Separate States","Stiletto","_054","Fem, DJ, Evening, Night, Eveght, I/III_054",2024,NA
"Frog Eyes","Idle Songs","Tears Of The Valedictorian","_054","Canadian, DJ, Night, I/III_054",2007,NA
"Frankie & The Witch Fingers","i-Candy","i-Candy - Single","_054","DJ, Night, I/III_054",2024,NA
"Fold Paper","End Zone","4TO - EP","_054","Canadian, DJ, Evening, Night, I/III_054",2024,NA
"Fake Palms","Wasted Silhouettes","Lemons","_054","Canadian, Hits, DJ, Evening, Night, I/III_054",2022,NA
"Des Demonas","Fascist Discotheque","Apocalyptic Boom! Boom!","_054","DJ, Evening, Night, Eveght, I/III_054",2024,NA
"Bored Décor","Ego.","The Colour Red","_054","Canadian, DJ, Evening, Night, I/III_054",2018,NA
"Tallies","Catapult","Patina","_055","Fem, Canadian, DJ, Evening, I/III_055",2022,NA
"Quilt","Hissing My Plea","Plaza","_055","SunnyDees, Fem, DJ, Evening, Hits, Pump, I/III_055",2016,NA
"Pip Blom","Daddy Issues","Boat","_055","Hits, Fem, DJ, Evening, Night, Eveght, I/III_055",2019,NA
"NoSo","David","Stay Proud of Me","_055","DJ, Afternoon, Evening, Fem, I/III_055",2022,NA
"NewDad","I Don't Recognise You","Waves - EP","_055","Fem, DJ, Evening, I/III_055",2021,NA
"Marlaena Moore","Unfaded","Unfaded - Single","_055","Folk/Rock, Canadian, Fem, DJ, Afternoon, Evening, I/III_055",2024,NA
"Lightning Dust","Wondering What Everyone Knows","Infinite Light","_055","Canadian, Fem, DJ, Evening, Night, Hits, I/III_055",2009,NA
"Julianna Riolino & Adrian Underhill","Against The Grain","Against The Grain - Single","_055","Hits, Rain, Fem, Canadian, DJ, Evening, Throw, I/III_055",2024,NA
"Honeyglaze","Shadows","Honeyglaze","_055","Hits, Fem, Drum, Pump, DJ, Evening, Ignore, I/III_055",2022,NA
"Francis of Delirium","Want You","Lighthouse","_055","Folk/Rock, Canadian, Fem, DJ, Afternoon, Evening, I/III_055",2024,NA
"Ezra Furman","Body Was Made","Perpetual Motion People","_055","Fem, Hits, DJ, Evening, I/III_055",2015,NA
"Anna Haverstock","Reach Out To Me","Reach Out To Me - Single","_055","Fem, Canadian, DJ, Evening, I/III_055",2021,"Saskatoon Saskatchewan, Self Release"
"Alvvays","Archie, Marry Me","Alvvays","_055","Hits, SunnyDees, Canadian, Fem, DJ, Evening, Drum, Pump, Ignore, I/III_055",2014,"Toronto Ontario, Transgressive Records & Royal Mountain Records"
"Terry Gross","Effective Control","Huge Improvement","_056","DJ, Evening, Night, I/III_056",2024,NA
"Small Pleasures","Juno","Juno - Single","_056","Canadian, DJ, Evening, Night, I/III_056",2025,NA
"Sam Jr.","Corpus Cristi To San Antone","Inner Shadow","_056","Canadian, DJ, Evening, Night, I/III_056",2024,NA
"Pressure Pin","Polyurethane","Polyurethane - EP","_056","Canadian, DJ, Evening, Night, I/III_056",2024,NA
"A Place to Bury Strangers","Disgust","Synthesizer","_056","DJ, Evening, Night, Eveght, I/III_056",2024,NA
"Motherhood","Bok Globule","Thunder Perfect Mind","_056","Canadian, DJ, Evening, Night, I/III_056",2024,NA
"Lambrini Girls","Bad Apple","Who Let The Dogs Out","_056","DJ, Fem, Evening, Night, I/III_056",2025,NA
"La Sécurité","Ketchup","Ketchup / Detour - Single","_056","Canadian, DJ, Fem, Evening, Night, I/III_056",2025,NA
"Friko","Where We’ve Been","Where we've been, Where we go from here","_056","DJ, Afternoon, Evening, Night, I/III_056",2024,NA
"Dead Fibres","Trees Are Melting","John Q. Citizen","_056","Canadian, DJ, Night, I/III_056",2022,NA
"Caveman & The Banshee","The One","Caveman & the Banshee","_056","Canadian, DJ, Fem, Evening, Night, I/III_056",2023,NA
"youbet","Carsick","Way To Be","_057","Folk/Rock, Fem, DJ, Afternoon, I/III_057",2023,NA
"Status/Non-Status","Mainly Crows","Surely Travel","_057","Canadian, Folk/Rock, DJ, Afternoon, Evening, I/III_057",2022,NA
"Snake River","Leave a Line","Tread on to the Unknown You","_057","Canadian, Rain, Folk/Rock, DJ, Afternoon, I/III_057",2018,NA
"Shannon Lay","Nowhere","August","_057","Fem, Folk/Rock, Rain, DJ, Afternoon, Evening, I/III_057",2019,NA
"Psychic Temple","Let Me Comb Your Hair (feat. Cherry Glazerr)","Houses of the Holy","_057","Folk/Rock, DJ, Afternoon, Fem, I/III_057",2020,NA
"Plain Jade","Same Device","Arthur's Debt","_057","Folk/Rock, Canadian, DJ, Afternoon, I/III_057",2024,NA
"PACKS","Paige Machine","Melt the Honey","_057","Fem, Canadian, Rain, Folk/Rock, DJ, Afternoon, I/III_057",2023,NA
"Julie Doiron","Spill Yer Lungs","I Can Wonder What You Did With Your Day","_057","Folk/Rock, Canadian, Fem, DJ, Afternoon, Evening, I/III_057",2009,NA
"Ghostkeeper","Metis Running","Ghostkeeper","_057","Canadian, Folk/Rock, DJ, Evening, I/III_057",2010,"Flemish Eye"
"Cory Hanson","Replica","The Unborn Capitalist from Limbo","_057","Folk/Rock, Rain, DJ, Afternoon, I/III_057",2016,NA
"Constant Smiles","Connection","Connection - Single","_057","Rain, Folk/Rock, DJ, Afternoon, I/III_057",2024,NA
"Brian Cuddy","Hole in Your Heart","Burning Light","_057","Canadian, Rain, Folk/Rock, DJ, Afternoon, I/III_057",2024,NA
"Ada Lea","oranges","one hand on the steering wheel the other sewing a garden","_057","Fem, Canadian, Folk/Rock, Rain, DJ, Afternoon, CanWav_One, GEHam_One, I/III_057",2021,"Montreal Quebec, Next Door Records"
"Wut","Get Out","Mingling with the Thorns","_058","Canadian, Fem, DJ, Evening, I/III_058",2024,NA
"Tacocat","Hey Girl","NVM","_058","SunnyDees, Fem, DJ, Evening, Night, Eveght, I/III_058",2014,NA
"Surfbort","Dicks in Space","Keep On Truckin'","_058","DJ, Fem, Evening, I/III_058",2021,NA
"The Shivas","I Want You","Dark Thoughts","_058","Rain, DJ, Afternoon, Evening, I/III_058",2019,NA
"Private Lives","Psychic Beat","Salt of the Earth","_058","Canadian, DJ, Fem, Evening, I/III_058",2025,NA
"The Murlocs","Comfort Zone","Manic Candid Episode","_058","Rain, DJ, Afternoon, Evening, Night, Eveght, I/III_058",2019,NA
"Michael Rault","Suckcess","Living Daylight","_058","Hits, SunnyDees, Canadian, DJ, Evening, Night, I/III_058",2015,NA
"Jagged Baptist Club","Slid Out in the Sunroom","Physical Surveillance","_058","DJ, Evening, Night, Eveght, I/III_058",2024,NA
"Invasions","Born On a Wave","Invasions","_058","Canadian, DJ, Evening, I/III_058",2013,NA
"GHOSTWOMAN","3 Weeks Straight","Anne If","_058","Canadian, DJ, Afternoon, Evening, Afting, I/III_058",2020,NA
"The Franky Tones","Pop Rocks","The Good Room","_058","Canadian, DJ, Evening, Night, I/III_058",2022,NA
"Dehd","Bad Love","Blue Skies","_058","Hits, Fem, DJ, Evening, I/III_058",2022,NA
"Dead Ghosts","Headed Home","Hippie Flippin","_058","Canadian, DJ, Evening, I/III_058",2024,NA
"Daniel Romano","You Can Steal My Kiss","Too Hot To Sleep","_058","Canadian, DJ, Evening, I/III_058",2024,NA
"Big Bill","Political Meat","Strawberry Seed","_058","Hits, DJ, Evening, Night, Folk/Rock, I/III_058",2024,NA
"The Ar-Kaics","Some People","In This Time","_058","DJ, Afternoon, Evening, I/III_058",2018,NA
"Apollo Ghosts","Sunset Over Ikea","Amethyst","_058","Canadian, DJ, Evening, I/III_058",2024,NA
"Tess Parks","Surround","Pomegranate","_059","Fem, Canadian, DJ, Evening, I/III_059",2024,NA
"Project Gemini","The Children Of Scorpio","The Children Of Scorpio","_059","Rain, DJ, Afternoon, Evening, I/III_059",2022,NA
"Population II","Mariano (Jamais je ne t’oublierai)","Maintenant Jamais","_059","Canadian, DJ, Evening, I/III_059",2025,NA
"Nice Biscuit","Rain","SOS","_059","Fem, DJ, Evening, I/III_059",2024,NA
"Never Plenty","Soul Siphon","Never Plenty","_059","Canadian, DJ, Hits, Pump, Evening, Night, I/III_059",2022,NA
"Mother Sun","Send a Signal","Meadow 6","_059","Canadian, DJ, Evening, Night, I/III_059",2024,"Kamloops, Earth Libraries"
"Moreish Idols","Slouch","All In The Game","_059","DJ, Afternoon, Evening, I/III_059",2024,NA
"Lammping","Beyond the Veil","Stars We Lost - EP","_059","Canadian, DJ, Afternoon, Evening, Afting, I/III_059",2022,"Toronto, We Are Busy Bodies"
"Frankie & The Witch Fingers","Owsley","Brain Telephone","_059","SunnyDees, DJ, Evening, Night, Eveght, I/III_059",2017,NA
"EMZYG","Cows & Predators","52 Blue","_059","DJ, Fem, Evening, Night, I/III_059",2024,NA
"Elephant Stone","Edge Of The Deep Blue Sea","Edge Of The Deep Blue Sea - Single","_059","Canadian, DJ, Evening, Night, I/III_059",2024,NA
"Zoon","Dodem","Bekka Ma'iingan","_060","Canadian, Fem. DJ, Afternoon, I/III_060",2023,NA
"Shunk","Clouds","Shunkland","_060","Canadian, DJ, Fem, Afternoon, Evening, I/III_060",2025,NA
"Sam Jr.","I Guess I'll Just Wash Away","Inner Shadow","_060","Canadian, Rain, DJ, Evening, I/III_060",2024,NA
"OMBIIGIZI","Oil Spills","SHAME","_060","Canadian, DJ, Afternoon, Evening, Afting, I/III_060",2024,NA
"Moon Duo","Mirror’s Edge","Occult Architecture, Vol. 2","_060","Rain, DJ, Afternoon, I/III_060",2017,NA
"knitting","Spirit Gum","Some Kind of Heaven","_060","Fem, Canadian, DJ, Evening, Night, I/III_060",2024,NA
"Electric Eye","Pendelen Svinger","Dyp Tid","_060","DJ, Evening, Night, I/III_060",2024,NA
"Donna Blue","Fantasy Girl","Into the Realm of Love","_060","Fem, DJ, Afternoon, I/III_060",2023,NA
"deary","The Drift","Aurelia - EP","_060","Fem, Rain, DJ, Afternoon, Evening, I/III_060",2024,NA
"Winter McQuinn","Red Wool","Red Wool - Single","_061","Folk/Rock, DJ, Afternoon, Evening, I/III_061",2024,NA
"No Frills","Drive Me","Sad Clown","_061","Canadian, Folk/Rock, DJ, Afternoon, Evening, I/III_061",2025,NA
"Mikal Cronin","Peace of Mind","MCII","_061","Rain, Hits, Folk/Rock, DJ, Afternoon, Evening, I/III_061",2013,NA
"Loving","Visions","If I Am Only My Thoughts","_061","Rain, Canadian, Folk/Rock, DJ, Afternoon, I/III_061",2019,NA
"Jennifer Castle","Lucky #8","Camelot","_061","Fem, Canadian, Rain, Folk/Rock, DJ, Afternoon, Evening, I/III_061",2024,NA
"Hand Habits","Greatest Weapon","Greatest Weapon / Under the Water - Single","_061","Folk/Rock, Rain, DJ, Afternoon, I/III_061",2022,NA
"Cool Ghouls","Feel Like Getting High","At George's Zoo","_061","Folk/Rock, DJ, Afternoon, Evening, I/III_061",2021,NA
"Brigid Mae Power","Counting Down","Dream From The Deep Well","_061","Folk/Rock, Rain, DJ, Afternoon, I/III_061",2023,NA
"Blunt Chunks","High Hopes","The Butterfly Myth","_061","Rain, Folk/Rock, Fem, Canadian, DJ, Afternoon, I/III_061",2024,NA
"Bess Atwell","Sylvester","The Weeping - Single","_061","Fem, Folk/Rock, DJ, Afternoon, I/III_061",2023,NA
"Bells Larsen","514-415","Blurring Time","_061","Canadian, Fem, DJ, Afternoon, Folk/Rock, I/III_061",2025,NA
"Andy Shauf","Things I Do","The Neon Skyline","_061","Canadian, Folk/Rock, Rain, DJ, Afternoon, I/III_061",2019,"Regina Saskatchewan, Anti & Arts and Crafts"
"Ada Lea","i-95","notes - EP","_061","Fem, Canadian, Folk/Rock, DJ, Afternoon, Evening, I/III_061",2024,"Montreal Quebec, Next Door Records"
